[{
    "model": "auth.permission",
    "pk": 1,
    "fields": {
        "name": "Can add log entry",
        "content_type": 1,
        "codename": "add_logentry"
    }
}, {
    "model": "auth.permission",
    "pk": 2,
    "fields": {
        "name": "Can change log entry",
        "content_type": 1,
        "codename": "change_logentry"
    }
}, {
    "model": "auth.permission",
    "pk": 3,
    "fields": {
        "name": "Can delete log entry",
        "content_type": 1,
        "codename": "delete_logentry"
    }
}, {
    "model": "auth.permission",
    "pk": 4,
    "fields": {
        "name": "Can view log entry",
        "content_type": 1,
        "codename": "view_logentry"
    }
}, {
    "model": "auth.permission",
    "pk": 5,
    "fields": {
        "name": "Can add permission",
        "content_type": 2,
        "codename": "add_permission"
    }
}, {
    "model": "auth.permission",
    "pk": 6,
    "fields": {
        "name": "Can change permission",
        "content_type": 2,
        "codename": "change_permission"
    }
}, {
    "model": "auth.permission",
    "pk": 7,
    "fields": {
        "name": "Can delete permission",
        "content_type": 2,
        "codename": "delete_permission"
    }
}, {
    "model": "auth.permission",
    "pk": 8,
    "fields": {
        "name": "Can view permission",
        "content_type": 2,
        "codename": "view_permission"
    }
}, {
    "model": "auth.permission",
    "pk": 9,
    "fields": {
        "name": "Can add group",
        "content_type": 3,
        "codename": "add_group"
    }
}, {
    "model": "auth.permission",
    "pk": 10,
    "fields": {
        "name": "Can change group",
        "content_type": 3,
        "codename": "change_group"
    }
}, {
    "model": "auth.permission",
    "pk": 11,
    "fields": {
        "name": "Can delete group",
        "content_type": 3,
        "codename": "delete_group"
    }
}, {
    "model": "auth.permission",
    "pk": 12,
    "fields": {
        "name": "Can view group",
        "content_type": 3,
        "codename": "view_group"
    }
}, {
    "model": "auth.permission",
    "pk": 13,
    "fields": {
        "name": "Can add content type",
        "content_type": 4,
        "codename": "add_contenttype"
    }
}, {
    "model": "auth.permission",
    "pk": 14,
    "fields": {
        "name": "Can change content type",
        "content_type": 4,
        "codename": "change_contenttype"
    }
}, {
    "model": "auth.permission",
    "pk": 15,
    "fields": {
        "name": "Can delete content type",
        "content_type": 4,
        "codename": "delete_contenttype"
    }
}, {
    "model": "auth.permission",
    "pk": 16,
    "fields": {
        "name": "Can view content type",
        "content_type": 4,
        "codename": "view_contenttype"
    }
}, {
    "model": "auth.permission",
    "pk": 17,
    "fields": {
        "name": "Can add session",
        "content_type": 5,
        "codename": "add_session"
    }
}, {
    "model": "auth.permission",
    "pk": 18,
    "fields": {
        "name": "Can change session",
        "content_type": 5,
        "codename": "change_session"
    }
}, {
    "model": "auth.permission",
    "pk": 19,
    "fields": {
        "name": "Can delete session",
        "content_type": 5,
        "codename": "delete_session"
    }
}, {
    "model": "auth.permission",
    "pk": 20,
    "fields": {
        "name": "Can view session",
        "content_type": 5,
        "codename": "view_session"
    }
}, {
    "model": "auth.permission",
    "pk": 21,
    "fields": {
        "name": "Can add Token",
        "content_type": 6,
        "codename": "add_token"
    }
}, {
    "model": "auth.permission",
    "pk": 22,
    "fields": {
        "name": "Can change Token",
        "content_type": 6,
        "codename": "change_token"
    }
}, {
    "model": "auth.permission",
    "pk": 23,
    "fields": {
        "name": "Can delete Token",
        "content_type": 6,
        "codename": "delete_token"
    }
}, {
    "model": "auth.permission",
    "pk": 24,
    "fields": {
        "name": "Can view Token",
        "content_type": 6,
        "codename": "view_token"
    }
}, {
    "model": "auth.permission",
    "pk": 25,
    "fields": {
        "name": "Can add token",
        "content_type": 7,
        "codename": "add_tokenproxy"
    }
}, {
    "model": "auth.permission",
    "pk": 26,
    "fields": {
        "name": "Can change token",
        "content_type": 7,
        "codename": "change_tokenproxy"
    }
}, {
    "model": "auth.permission",
    "pk": 27,
    "fields": {
        "name": "Can delete token",
        "content_type": 7,
        "codename": "delete_tokenproxy"
    }
}, {
    "model": "auth.permission",
    "pk": 28,
    "fields": {
        "name": "Can view token",
        "content_type": 7,
        "codename": "view_tokenproxy"
    }
}, {
    "model": "auth.permission",
    "pk": 29,
    "fields": {
        "name": "Can add site",
        "content_type": 8,
        "codename": "add_site"
    }
}, {
    "model": "auth.permission",
    "pk": 30,
    "fields": {
        "name": "Can change site",
        "content_type": 8,
        "codename": "change_site"
    }
}, {
    "model": "auth.permission",
    "pk": 31,
    "fields": {
        "name": "Can delete site",
        "content_type": 8,
        "codename": "delete_site"
    }
}, {
    "model": "auth.permission",
    "pk": 32,
    "fields": {
        "name": "Can view site",
        "content_type": 8,
        "codename": "view_site"
    }
}, {
    "model": "auth.permission",
    "pk": 33,
    "fields": {
        "name": "Can add email address",
        "content_type": 9,
        "codename": "add_emailaddress"
    }
}, {
    "model": "auth.permission",
    "pk": 34,
    "fields": {
        "name": "Can change email address",
        "content_type": 9,
        "codename": "change_emailaddress"
    }
}, {
    "model": "auth.permission",
    "pk": 35,
    "fields": {
        "name": "Can delete email address",
        "content_type": 9,
        "codename": "delete_emailaddress"
    }
}, {
    "model": "auth.permission",
    "pk": 36,
    "fields": {
        "name": "Can view email address",
        "content_type": 9,
        "codename": "view_emailaddress"
    }
}, {
    "model": "auth.permission",
    "pk": 37,
    "fields": {
        "name": "Can add email confirmation",
        "content_type": 10,
        "codename": "add_emailconfirmation"
    }
}, {
    "model": "auth.permission",
    "pk": 38,
    "fields": {
        "name": "Can change email confirmation",
        "content_type": 10,
        "codename": "change_emailconfirmation"
    }
}, {
    "model": "auth.permission",
    "pk": 39,
    "fields": {
        "name": "Can delete email confirmation",
        "content_type": 10,
        "codename": "delete_emailconfirmation"
    }
}, {
    "model": "auth.permission",
    "pk": 40,
    "fields": {
        "name": "Can view email confirmation",
        "content_type": 10,
        "codename": "view_emailconfirmation"
    }
}, {
    "model": "auth.permission",
    "pk": 41,
    "fields": {
        "name": "Can add social account",
        "content_type": 11,
        "codename": "add_socialaccount"
    }
}, {
    "model": "auth.permission",
    "pk": 42,
    "fields": {
        "name": "Can change social account",
        "content_type": 11,
        "codename": "change_socialaccount"
    }
}, {
    "model": "auth.permission",
    "pk": 43,
    "fields": {
        "name": "Can delete social account",
        "content_type": 11,
        "codename": "delete_socialaccount"
    }
}, {
    "model": "auth.permission",
    "pk": 44,
    "fields": {
        "name": "Can view social account",
        "content_type": 11,
        "codename": "view_socialaccount"
    }
}, {
    "model": "auth.permission",
    "pk": 45,
    "fields": {
        "name": "Can add social application",
        "content_type": 12,
        "codename": "add_socialapp"
    }
}, {
    "model": "auth.permission",
    "pk": 46,
    "fields": {
        "name": "Can change social application",
        "content_type": 12,
        "codename": "change_socialapp"
    }
}, {
    "model": "auth.permission",
    "pk": 47,
    "fields": {
        "name": "Can delete social application",
        "content_type": 12,
        "codename": "delete_socialapp"
    }
}, {
    "model": "auth.permission",
    "pk": 48,
    "fields": {
        "name": "Can view social application",
        "content_type": 12,
        "codename": "view_socialapp"
    }
}, {
    "model": "auth.permission",
    "pk": 49,
    "fields": {
        "name": "Can add social application token",
        "content_type": 13,
        "codename": "add_socialtoken"
    }
}, {
    "model": "auth.permission",
    "pk": 50,
    "fields": {
        "name": "Can change social application token",
        "content_type": 13,
        "codename": "change_socialtoken"
    }
}, {
    "model": "auth.permission",
    "pk": 51,
    "fields": {
        "name": "Can delete social application token",
        "content_type": 13,
        "codename": "delete_socialtoken"
    }
}, {
    "model": "auth.permission",
    "pk": 52,
    "fields": {
        "name": "Can view social application token",
        "content_type": 13,
        "codename": "view_socialtoken"
    }
}, {
    "model": "auth.permission",
    "pk": 53,
    "fields": {
        "name": "Can add category",
        "content_type": 14,
        "codename": "add_category"
    }
}, {
    "model": "auth.permission",
    "pk": 54,
    "fields": {
        "name": "Can change category",
        "content_type": 14,
        "codename": "change_category"
    }
}, {
    "model": "auth.permission",
    "pk": 55,
    "fields": {
        "name": "Can delete category",
        "content_type": 14,
        "codename": "delete_category"
    }
}, {
    "model": "auth.permission",
    "pk": 56,
    "fields": {
        "name": "Can view category",
        "content_type": 14,
        "codename": "view_category"
    }
}, {
    "model": "auth.permission",
    "pk": 57,
    "fields": {
        "name": "Can add category relation",
        "content_type": 15,
        "codename": "add_categoryrelation"
    }
}, {
    "model": "auth.permission",
    "pk": 58,
    "fields": {
        "name": "Can change category relation",
        "content_type": 15,
        "codename": "change_categoryrelation"
    }
}, {
    "model": "auth.permission",
    "pk": 59,
    "fields": {
        "name": "Can delete category relation",
        "content_type": 15,
        "codename": "delete_categoryrelation"
    }
}, {
    "model": "auth.permission",
    "pk": 60,
    "fields": {
        "name": "Can view category relation",
        "content_type": 15,
        "codename": "view_categoryrelation"
    }
}, {
    "model": "auth.permission",
    "pk": 61,
    "fields": {
        "name": "Can add user",
        "content_type": 16,
        "codename": "add_customuser"
    }
}, {
    "model": "auth.permission",
    "pk": 62,
    "fields": {
        "name": "Can change user",
        "content_type": 16,
        "codename": "change_customuser"
    }
}, {
    "model": "auth.permission",
    "pk": 63,
    "fields": {
        "name": "Can delete user",
        "content_type": 16,
        "codename": "delete_customuser"
    }
}, {
    "model": "auth.permission",
    "pk": 64,
    "fields": {
        "name": "Can view user",
        "content_type": 16,
        "codename": "view_customuser"
    }
}, {
    "model": "auth.permission",
    "pk": 65,
    "fields": {
        "name": "Can add experiment",
        "content_type": 17,
        "codename": "add_experiment"
    }
}, {
    "model": "auth.permission",
    "pk": 66,
    "fields": {
        "name": "Can change experiment",
        "content_type": 17,
        "codename": "change_experiment"
    }
}, {
    "model": "auth.permission",
    "pk": 67,
    "fields": {
        "name": "Can delete experiment",
        "content_type": 17,
        "codename": "delete_experiment"
    }
}, {
    "model": "auth.permission",
    "pk": 68,
    "fields": {
        "name": "Can view experiment",
        "content_type": 17,
        "codename": "view_experiment"
    }
}, {
    "model": "auth.permission",
    "pk": 69,
    "fields": {
        "name": "Can add variations",
        "content_type": 18,
        "codename": "add_variations"
    }
}, {
    "model": "auth.permission",
    "pk": 70,
    "fields": {
        "name": "Can change variations",
        "content_type": 18,
        "codename": "change_variations"
    }
}, {
    "model": "auth.permission",
    "pk": 71,
    "fields": {
        "name": "Can delete variations",
        "content_type": 18,
        "codename": "delete_variations"
    }
}, {
    "model": "auth.permission",
    "pk": 72,
    "fields": {
        "name": "Can view variations",
        "content_type": 18,
        "codename": "view_variations"
    }
}, {
    "model": "auth.permission",
    "pk": 73,
    "fields": {
        "name": "Can add screenshot",
        "content_type": 19,
        "codename": "add_screenshot"
    }
}, {
    "model": "auth.permission",
    "pk": 74,
    "fields": {
        "name": "Can change screenshot",
        "content_type": 19,
        "codename": "change_screenshot"
    }
}, {
    "model": "auth.permission",
    "pk": 75,
    "fields": {
        "name": "Can delete screenshot",
        "content_type": 19,
        "codename": "delete_screenshot"
    }
}, {
    "model": "auth.permission",
    "pk": 76,
    "fields": {
        "name": "Can view screenshot",
        "content_type": 19,
        "codename": "view_screenshot"
    }
}, {
    "model": "auth.permission",
    "pk": 77,
    "fields": {
        "name": "Can add function param",
        "content_type": 20,
        "codename": "add_functionparam"
    }
}, {
    "model": "auth.permission",
    "pk": 78,
    "fields": {
        "name": "Can change function param",
        "content_type": 20,
        "codename": "change_functionparam"
    }
}, {
    "model": "auth.permission",
    "pk": 79,
    "fields": {
        "name": "Can delete function param",
        "content_type": 20,
        "codename": "delete_functionparam"
    }
}, {
    "model": "auth.permission",
    "pk": 80,
    "fields": {
        "name": "Can view function param",
        "content_type": 20,
        "codename": "view_functionparam"
    }
}, {
    "model": "auth.permission",
    "pk": 81,
    "fields": {
        "name": "Can add Variability function category",
        "content_type": 21,
        "codename": "add_variabilityfunctioncategory"
    }
}, {
    "model": "auth.permission",
    "pk": 82,
    "fields": {
        "name": "Can change Variability function category",
        "content_type": 21,
        "codename": "change_variabilityfunctioncategory"
    }
}, {
    "model": "auth.permission",
    "pk": 83,
    "fields": {
        "name": "Can delete Variability function category",
        "content_type": 21,
        "codename": "delete_variabilityfunctioncategory"
    }
}, {
    "model": "auth.permission",
    "pk": 84,
    "fields": {
        "name": "Can view Variability function category",
        "content_type": 21,
        "codename": "view_variabilityfunctioncategory"
    }
}, {
    "model": "auth.permission",
    "pk": 85,
    "fields": {
        "name": "Can add variability function",
        "content_type": 22,
        "codename": "add_variabilityfunction"
    }
}, {
    "model": "auth.permission",
    "pk": 86,
    "fields": {
        "name": "Can change variability function",
        "content_type": 22,
        "codename": "change_variabilityfunction"
    }
}, {
    "model": "auth.permission",
    "pk": 87,
    "fields": {
        "name": "Can delete variability function",
        "content_type": 22,
        "codename": "delete_variabilityfunction"
    }
}, {
    "model": "auth.permission",
    "pk": 88,
    "fields": {
        "name": "Can view variability function",
        "content_type": 22,
        "codename": "view_variabilityfunction"
    }
}, {
    "model": "auth.permission",
    "pk": 89,
    "fields": {
        "name": "Can add GUI component category",
        "content_type": 23,
        "codename": "add_guicomponentcategory"
    }
}, {
    "model": "auth.permission",
    "pk": 90,
    "fields": {
        "name": "Can change GUI component category",
        "content_type": 23,
        "codename": "change_guicomponentcategory"
    }
}, {
    "model": "auth.permission",
    "pk": 91,
    "fields": {
        "name": "Can delete GUI component category",
        "content_type": 23,
        "codename": "delete_guicomponentcategory"
    }
}, {
    "model": "auth.permission",
    "pk": 92,
    "fields": {
        "name": "Can view GUI component category",
        "content_type": 23,
        "codename": "view_guicomponentcategory"
    }
}, {
    "model": "auth.permission",
    "pk": 93,
    "fields": {
        "name": "Can add gui component",
        "content_type": 24,
        "codename": "add_guicomponent"
    }
}, {
    "model": "auth.permission",
    "pk": 94,
    "fields": {
        "name": "Can change gui component",
        "content_type": 24,
        "codename": "change_guicomponent"
    }
}, {
    "model": "auth.permission",
    "pk": 95,
    "fields": {
        "name": "Can delete gui component",
        "content_type": 24,
        "codename": "delete_guicomponent"
    }
}, {
    "model": "auth.permission",
    "pk": 96,
    "fields": {
        "name": "Can view gui component",
        "content_type": 24,
        "codename": "view_guicomponent"
    }
}, {
    "model": "contenttypes.contenttype",
    "pk": 1,
    "fields": {
        "app_label": "admin",
        "model": "logentry"
    }
}, {
    "model": "contenttypes.contenttype",
    "pk": 2,
    "fields": {
        "app_label": "auth",
        "model": "permission"
    }
}, {
    "model": "contenttypes.contenttype",
    "pk": 3,
    "fields": {
        "app_label": "auth",
        "model": "group"
    }
}, {
    "model": "contenttypes.contenttype",
    "pk": 4,
    "fields": {
        "app_label": "contenttypes",
        "model": "contenttype"
    }
}, {
    "model": "contenttypes.contenttype",
    "pk": 5,
    "fields": {
        "app_label": "sessions",
        "model": "session"
    }
}, {
    "model": "contenttypes.contenttype",
    "pk": 6,
    "fields": {
        "app_label": "authtoken",
        "model": "token"
    }
}, {
    "model": "contenttypes.contenttype",
    "pk": 7,
    "fields": {
        "app_label": "authtoken",
        "model": "tokenproxy"
    }
}, {
    "model": "contenttypes.contenttype",
    "pk": 8,
    "fields": {
        "app_label": "sites",
        "model": "site"
    }
}, {
    "model": "contenttypes.contenttype",
    "pk": 9,
    "fields": {
        "app_label": "account",
        "model": "emailaddress"
    }
}, {
    "model": "contenttypes.contenttype",
    "pk": 10,
    "fields": {
        "app_label": "account",
        "model": "emailconfirmation"
    }
}, {
    "model": "contenttypes.contenttype",
    "pk": 11,
    "fields": {
        "app_label": "socialaccount",
        "model": "socialaccount"
    }
}, {
    "model": "contenttypes.contenttype",
    "pk": 12,
    "fields": {
        "app_label": "socialaccount",
        "model": "socialapp"
    }
}, {
    "model": "contenttypes.contenttype",
    "pk": 13,
    "fields": {
        "app_label": "socialaccount",
        "model": "socialtoken"
    }
}, {
    "model": "contenttypes.contenttype",
    "pk": 14,
    "fields": {
        "app_label": "categories",
        "model": "category"
    }
}, {
    "model": "contenttypes.contenttype",
    "pk": 15,
    "fields": {
        "app_label": "categories",
        "model": "categoryrelation"
    }
}, {
    "model": "contenttypes.contenttype",
    "pk": 16,
    "fields": {
        "app_label": "users",
        "model": "customuser"
    }
}, {
    "model": "contenttypes.contenttype",
    "pk": 17,
    "fields": {
        "app_label": "experiments",
        "model": "experiment"
    }
}, {
    "model": "contenttypes.contenttype",
    "pk": 18,
    "fields": {
        "app_label": "experiments",
        "model": "variations"
    }
}, {
    "model": "contenttypes.contenttype",
    "pk": 19,
    "fields": {
        "app_label": "experiments",
        "model": "screenshot"
    }
}, {
    "model": "contenttypes.contenttype",
    "pk": 20,
    "fields": {
        "app_label": "wizard",
        "model": "functionparam"
    }
}, {
    "model": "contenttypes.contenttype",
    "pk": 21,
    "fields": {
        "app_label": "wizard",
        "model": "variabilityfunctioncategory"
    }
}, {
    "model": "contenttypes.contenttype",
    "pk": 22,
    "fields": {
        "app_label": "wizard",
        "model": "variabilityfunction"
    }
}, {
    "model": "contenttypes.contenttype",
    "pk": 23,
    "fields": {
        "app_label": "wizard",
        "model": "guicomponentcategory"
    }
}, {
    "model": "contenttypes.contenttype",
    "pk": 24,
    "fields": {
        "app_label": "wizard",
        "model": "guicomponent"
    }
}, {
    "model": "sessions.session",
    "pk": "7119m26rj5xpllll2035n7en41v8xvdx",
    "fields": {
        "session_data": ".eJxVjMEOwiAQRP-FsyHCLli86Y80yy4NjQ1NhJ6M_y41Pehx5s2blxppa3ncanqOs6irMur020XiRyo7oGXZa03M61aa_m4OXPWtp1TazNTmtdwP6-8qU839x5NB5MmiCcRnFseDGSLYCIIRfHApItjAbrh4iymgE-8lgESAqXvq_QGwJjwb:1nTqDd:cPhRzYkMmqNVaDM_hyG-SV1qEZTMXEGzrbKXL4lmDlk",
        "expire_date": "2022-03-28T19:19:01.844Z"
    }
}, {
    "model": "sessions.session",
    "pk": "dkbbydmhl2ac563m8lv97tsctumm1o56",
    "fields": {
        "session_data": ".eJxVjMEOwiAQRP-FsyHCLli86Y80yy4NjQ1NhJ6M_y41Pehx5s2blxppa3ncanqOs6irMur020XiRyo7oGXZa03M61aa_m4OXPWtp1TazNTmtdwP6-8qU839x5NB5MmiCcRnFseDGSLYCIIRfHApItjAbrh4iymgE-8lgESAqXvq_QGwJjwb:1nTqDF:u-sdVWhMpkRSrquulqw2pbQweIwyGtGxh5QOp1PAcv0",
        "expire_date": "2022-03-28T19:18:37.418Z"
    }
}, {
    "model": "sessions.session",
    "pk": "jk3w5jx48dhydxgvtolyar4xmsdpldap",
    "fields": {
        "session_data": ".eJxVjMEOwiAQRP-FsyHCLli86Y80yy4NjQ1NhJ6M_y41Pehx5s2blxppa3ncanqOs6irMur020XiRyo7oGXZa03M61aa_m4OXPWtp1TazNTmtdwP6-8qU839x5NB5MmiCcRnFseDGSLYCIIRfHApItjAbrh4iymgE-8lgESAqXvq_QGwJjwb:1nTiSs:tXDlqQhm6Acz_L2MTQ1sGDwWZDDxfQrEgsZWkc3d9s0",
        "expire_date": "2022-03-28T11:02:14.047Z"
    }
}, {
    "model": "sessions.session",
    "pk": "rcdyeji1hkxk0p1tgh2xctpllff4y2hl",
    "fields": {
        "session_data": ".eJxVjMEOwiAQRP-FsyHCLli86Y80yy4NjQ1NhJ6M_y41Pehx5s2blxppa3ncanqOs6irMur020XiRyo7oGXZa03M61aa_m4OXPWtp1TazNTmtdwP6-8qU839x5NB5MmiCcRnFseDGSLYCIIRfHApItjAbrh4iymgE-8lgESAqXvq_QGwJjwb:1nSeHk:qHjuFolke4uiU6yRNvyfBNLA_O_n51IBYzYod-LST44",
        "expire_date": "2022-03-25T12:22:20.392Z"
    }
}, {
    "model": "sessions.session",
    "pk": "t2r7b087ihfk5k5zv5warhkj31vdqo7a",
    "fields": {
        "session_data": ".eJxVjMEOwiAQRP-FsyHCLli86Y80yy4NjQ1NhJ6M_y41Pehx5s2blxppa3ncanqOs6irMur020XiRyo7oGXZa03M61aa_m4OXPWtp1TazNTmtdwP6-8qU839x5NB5MmiCcRnFseDGSLYCIIRfHApItjAbrh4iymgE-8lgESAqXvq_QGwJjwb:1nSFzK:40HiWETX5o-k04nZZSZFiY9TgO8xD8yPkXWDUcP6dWc",
        "expire_date": "2022-03-24T10:25:42.710Z"
    }
}, {
    "model": "authtoken.token",
    "pk": "95f0ffe51ed98cd1635597d3de1491278db1e349",
    "fields": {
        "user": 1,
        "created": "2022-03-10T10:25:42.398Z"
    }
}, {
    "model": "sites.site",
    "pk": 1,
    "fields": {
        "domain": "example.com",
        "name": "example.com"
    }
}, {
    "model": "users.customuser",
    "pk": 1,
    "fields": {
        "password": "pbkdf2_sha256$260000$SMejNXzmmPuX1yi7WPxOgA$FERx86AN773es9Q+iNKvapKnMxBFmylNUoLRBkNN5g4=",
        "last_login": "2022-03-14T19:19:01.417Z",
        "is_superuser": true,
        "username": "admin",
        "first_name": "",
        "last_name": "",
        "email": "admin@example.com",
        "is_staff": true,
        "is_active": true,
        "date_joined": "2022-03-10T10:18:41.361Z",
        "groups": [],
        "user_permissions": []
    }
}, {
    "model": "wizard.guicomponentcategory",
    "pk": 1,
    "fields": {
        "parent": null,
        "slug": "featuresexperimentgui_categorynamebutton",
        "active": true,
        "name": "features.experiment.GUI_category.name.Button",
        "description": "features.experiment.GUI_category.description.Button",
        "lft": 1,
        "rght": 2,
        "tree_id": 1,
        "level": 0
    }
}, {
    "model": "wizard.guicomponentcategory",
    "pk": 2,
    "fields": {
        "parent": null,
        "slug": "featuresexperimentgui_categorynameimageview",
        "active": true,
        "name": "features.experiment.GUI_category.name.ImageView",
        "description": "features.experiment.GUI_category.description.ImageView",
        "lft": 1,
        "rght": 2,
        "tree_id": 6,
        "level": 0
    }
}, {
    "model": "wizard.guicomponentcategory",
    "pk": 3,
    "fields": {
        "parent": null,
        "slug": "featuresexperimentgui_categorynamecheckbox",
        "active": true,
        "name": "features.experiment.GUI_category.name.Checkbox",
        "description": "features.experiment.GUI_category.description.Checkbox",
        "lft": 1,
        "rght": 2,
        "tree_id": 2,
        "level": 0
    }
}, {
    "model": "wizard.guicomponentcategory",
    "pk": 4,
    "fields": {
        "parent": null,
        "slug": "featuresexperimentgui_categorynametextinput",
        "active": true,
        "name": "features.experiment.GUI_category.name.TextInput",
        "description": "features.experiment.GUI_category.description.TextInput",
        "lft": 1,
        "rght": 2,
        "tree_id": 14,
        "level": 0
    }
}, {
    "model": "wizard.guicomponentcategory",
    "pk": 5,
    "fields": {
        "parent": null,
        "slug": "featuresexperimentgui_categorynametextview",
        "active": true,
        "name": "features.experiment.GUI_category.name.TextView",
        "description": "features.experiment.GUI_category.description.TextView",
        "lft": 1,
        "rght": 2,
        "tree_id": 15,
        "level": 0
    }
}, {
    "model": "wizard.guicomponentcategory",
    "pk": 6,
    "fields": {
        "parent": null,
        "slug": "featuresexperimentgui_categorynameimagebutton",
        "active": true,
        "name": "features.experiment.GUI_category.name.ImageButton",
        "description": "features.experiment.GUI_category.description.ImageButton",
        "lft": 1,
        "rght": 2,
        "tree_id": 5,
        "level": 0
    }
}, {
    "model": "wizard.guicomponentcategory",
    "pk": 7,
    "fields": {
        "parent": null,
        "slug": "featuresexperimentgui_categorynameedittext",
        "active": true,
        "name": "features.experiment.GUI_category.name.EditText",
        "description": "features.experiment.GUI_category.description.EditText",
        "lft": 1,
        "rght": 2,
        "tree_id": 4,
        "level": 0
    }
}, {
    "model": "wizard.guicomponentcategory",
    "pk": 8,
    "fields": {
        "parent": null,
        "slug": "featuresexperimentgui_categorynamecheckedtextview",
        "active": true,
        "name": "features.experiment.GUI_category.name.CheckedTextView",
        "description": "features.experiment.GUI_category.description.CheckedTextView",
        "lft": 1,
        "rght": 2,
        "tree_id": 3,
        "level": 0
    }
}, {
    "model": "wizard.guicomponentcategory",
    "pk": 9,
    "fields": {
        "parent": null,
        "slug": "featuresexperimentgui_categorynameradiobutton",
        "active": true,
        "name": "features.experiment.GUI_category.name.RadioButton",
        "description": "features.experiment.GUI_category.description.RadioButton",
        "lft": 1,
        "rght": 2,
        "tree_id": 9,
        "level": 0
    }
}, {
    "model": "wizard.guicomponentcategory",
    "pk": 10,
    "fields": {
        "parent": null,
        "slug": "featuresexperimentgui_categorynameprogressbar",
        "active": true,
        "name": "features.experiment.GUI_category.name.ProgressBar",
        "description": "features.experiment.GUI_category.description.ProgressBar",
        "lft": 1,
        "rght": 2,
        "tree_id": 8,
        "level": 0
    }
}, {
    "model": "wizard.guicomponentcategory",
    "pk": 11,
    "fields": {
        "parent": null,
        "slug": "featuresexperimentgui_categorynameseekbar",
        "active": true,
        "name": "features.experiment.GUI_category.name.SeekBar",
        "description": "features.experiment.GUI_category.description.SeekBar",
        "lft": 1,
        "rght": 2,
        "tree_id": 11,
        "level": 0
    }
}, {
    "model": "wizard.guicomponentcategory",
    "pk": 12,
    "fields": {
        "parent": null,
        "slug": "featuresexperimentgui_categorynamenumberpicker",
        "active": true,
        "name": "features.experiment.GUI_category.name.NumberPicker",
        "description": "features.experiment.GUI_category.description.NumberPicker",
        "lft": 1,
        "rght": 2,
        "tree_id": 7,
        "level": 0
    }
}, {
    "model": "wizard.guicomponentcategory",
    "pk": 13,
    "fields": {
        "parent": null,
        "slug": "featuresexperimentgui_categorynameswitch",
        "active": true,
        "name": "features.experiment.GUI_category.name.Switch",
        "description": "features.experiment.GUI_category.description.Switch",
        "lft": 1,
        "rght": 2,
        "tree_id": 13,
        "level": 0
    }
}, {
    "model": "wizard.guicomponentcategory",
    "pk": 14,
    "fields": {
        "parent": null,
        "slug": "featuresexperimentgui_categorynametogglebutton",
        "active": true,
        "name": "features.experiment.GUI_category.name.ToggleButton",
        "description": "features.experiment.GUI_category.description.ToggleButton",
        "lft": 1,
        "rght": 2,
        "tree_id": 16,
        "level": 0
    }
}, {
    "model": "wizard.guicomponentcategory",
    "pk": 15,
    "fields": {
        "parent": null,
        "slug": "featuresexperimentgui_categorynameratingbar",
        "active": true,
        "name": "features.experiment.GUI_category.name.RatingBar",
        "description": "features.experiment.GUI_category.description.RatingBar",
        "lft": 1,
        "rght": 2,
        "tree_id": 10,
        "level": 0
    }
}, {
    "model": "wizard.guicomponentcategory",
    "pk": 16,
    "fields": {
        "parent": null,
        "slug": "featuresexperimentgui_categorynamespinner",
        "active": true,
        "name": "features.experiment.GUI_category.name.Spinner",
        "description": "features.experiment.GUI_category.description.Spinner",
        "lft": 1,
        "rght": 2,
        "tree_id": 12,
        "level": 0
    }
}, {
    "model": "wizard.guicomponent",
    "pk": 1,
    "fields": {
        "id_code": "id_card_1",
        "name": "features.experiment.GUI_components.name.id_card_1",
        "filename": "dni1.jpg",
        "path": "resources/GUI_components/dni",
        "description": "features.experiment.GUI_components.description.id_card",
        "gui_component_category": 2
    }
}, {
    "model": "wizard.guicomponent",
    "pk": 2,
    "fields": {
        "id_code": "id_card_2",
        "name": "features.experiment.GUI_components.name.id_card_2",
        "filename": "dni2.jpg",
        "path": "resources/GUI_components/dni",
        "description": "features.experiment.GUI_components.description.id_card",
        "gui_component_category": 2
    }
}, {
    "model": "wizard.guicomponent",
    "pk": 3,
    "fields": {
        "id_code": "id_card_3",
        "name": "features.experiment.GUI_components.name.id_card_3",
        "filename": "dni3.jpg",
        "path": "resources/GUI_components/dni",
        "description": "features.experiment.GUI_components.description.id_card",
        "gui_component_category": 2
    }
}, {
    "model": "wizard.guicomponent",
    "pk": 4,
    "fields": {
        "id_code": "id_card_4",
        "name": "features.experiment.GUI_components.name.id_card_4",
        "filename": "dni4.jpg",
        "path": "resources/GUI_components/dni",
        "description": "features.experiment.GUI_components.description.id_card",
        "gui_component_category": 2
    }
}, {
    "model": "wizard.guicomponent",
    "pk": 5,
    "fields": {
        "id_code": "id_card_5",
        "name": "features.experiment.GUI_components.name.id_card_5",
        "filename": "dni5.jpg",
        "path": "resources/GUI_components/dni",
        "description": "features.experiment.GUI_components.description.id_card",
        "gui_component_category": 2
    }
}, {
    "model": "wizard.guicomponent",
    "pk": 6,
    "fields": {
        "id_code": "id_card_6",
        "name": "features.experiment.GUI_components.name.id_card_6",
        "filename": "dni6.jpg",
        "path": "resources/GUI_components/dni",
        "description": "features.experiment.GUI_components.description.id_card",
        "gui_component_category": 2
    }
}, {
    "model": "wizard.guicomponent",
    "pk": 7,
    "fields": {
        "id_code": "id_card_7",
        "name": "features.experiment.GUI_components.name.id_card_7",
        "filename": "dni7.jpg",
        "path": "resources/GUI_components/dni",
        "description": "features.experiment.GUI_components.description.id_card",
        "gui_component_category": 2
    }
}, {
    "model": "wizard.guicomponent",
    "pk": 8,
    "fields": {
        "id_code": "id_card_8",
        "name": "features.experiment.GUI_components.name.id_card_8",
        "filename": "dni8.png",
        "path": "resources/GUI_components/dni",
        "description": "features.experiment.GUI_components.description.id_card",
        "gui_component_category": 2
    }
}, {
    "model": "wizard.guicomponent",
    "pk": 9,
    "fields": {
        "id_code": "id_card_9",
        "name": "features.experiment.GUI_components.name.id_card_9",
        "filename": "dni9.png",
        "path": "resources/GUI_components/dni",
        "description": "features.experiment.GUI_components.description.id_card",
        "gui_component_category": 2
    }
}, {
    "model": "wizard.guicomponent",
    "pk": 10,
    "fields": {
        "id_code": "id_card_10",
        "name": "features.experiment.GUI_components.name.id_card_10",
        "filename": "dni10.png",
        "path": "resources/GUI_components/dni",
        "description": "features.experiment.GUI_components.description.id_card",
        "gui_component_category": 2
    }
}, {
    "model": "wizard.guicomponent",
    "pk": 11,
    "fields": {
        "id_code": "delete_1",
        "name": "features.experiment.GUI_components.name.delete_1",
        "filename": "delete_b.png",
        "path": "resources/GUI_components/delete",
        "description": "features.experiment.GUI_components.description.delete",
        "gui_component_category": 1
    }
}, {
    "model": "wizard.guicomponent",
    "pk": 12,
    "fields": {
        "id_code": "delete_2",
        "name": "features.experiment.GUI_components.name.delete_2",
        "filename": "delete_b.png",
        "path": "resources/GUI_components/delete",
        "description": "features.experiment.GUI_components.description.delete",
        "gui_component_category": 1
    }
}, {
    "model": "wizard.guicomponent",
    "pk": 13,
    "fields": {
        "id_code": "delete_3",
        "name": "features.experiment.GUI_components.name.delete_3",
        "filename": "delete_b_2.png",
        "path": "resources/GUI_components/delete",
        "description": "features.experiment.GUI_components.description.delete",
        "gui_component_category": 1
    }
}, {
    "model": "wizard.guicomponent",
    "pk": 14,
    "fields": {
        "id_code": "delete_4",
        "name": "features.experiment.GUI_components.name.delete_4",
        "filename": "delete_b_3.png",
        "path": "resources/GUI_components/delete",
        "description": "features.experiment.GUI_components.description.delete",
        "gui_component_category": 1
    }
}, {
    "model": "wizard.guicomponent",
    "pk": 15,
    "fields": {
        "id_code": "delete_5",
        "name": "features.experiment.GUI_components.name.delete_5",
        "filename": "delete_b_4.png",
        "path": "resources/GUI_components/delete",
        "description": "features.experiment.GUI_components.description.delete",
        "gui_component_category": 1
    }
}, {
    "model": "wizard.guicomponent",
    "pk": 16,
    "fields": {
        "id_code": "delete_6",
        "name": "features.experiment.GUI_components.name.delete_6",
        "filename": "delete_b_5.png",
        "path": "resources/GUI_components/delete",
        "description": "features.experiment.GUI_components.description.delete",
        "gui_component_category": 1
    }
}, {
    "model": "wizard.guicomponent",
    "pk": 17,
    "fields": {
        "id_code": "delete_7",
        "name": "features.experiment.GUI_components.name.delete_7",
        "filename": "delete_b_6.png",
        "path": "resources/GUI_components/delete",
        "description": "features.experiment.GUI_components.description.delete",
        "gui_component_category": 1
    }
}, {
    "model": "wizard.guicomponent",
    "pk": 18,
    "fields": {
        "id_code": "menu_1",
        "name": "features.experiment.GUI_components.name.menu_1",
        "filename": "250686-android.widget.ImageButton.png",
        "path": "resources/GUI_components/menu",
        "description": "features.experiment.GUI_components.description.menu",
        "gui_component_category": 6
    }
}, {
    "model": "wizard.guicomponent",
    "pk": 19,
    "fields": {
        "id_code": "menu_2",
        "name": "features.experiment.GUI_components.name.menu_2",
        "filename": "249444-android.widget.ImageButton.png",
        "path": "resources/GUI_components/menu",
        "description": "features.experiment.GUI_components.description.menu",
        "gui_component_category": 6
    }
}, {
    "model": "wizard.guicomponent",
    "pk": 20,
    "fields": {
        "id_code": "menu_3",
        "name": "features.experiment.GUI_components.name.menu_3",
        "filename": "247427-android.widget.ImageButton.png",
        "path": "resources/GUI_components/menu",
        "description": "features.experiment.GUI_components.description.menu",
        "gui_component_category": 6
    }
}, {
    "model": "wizard.guicomponent",
    "pk": 21,
    "fields": {
        "id_code": "menu_4",
        "name": "features.experiment.GUI_components.name.menu_4",
        "filename": "135975-android.widget.Button.png",
        "path": "resources/GUI_components/menu",
        "description": "features.experiment.GUI_components.description.menu",
        "gui_component_category": 1
    }
}, {
    "model": "wizard.guicomponent",
    "pk": 22,
    "fields": {
        "id_code": "menu_5",
        "name": "features.experiment.GUI_components.name.menu_5",
        "filename": "32916-android.widget.Button.png",
        "path": "resources/GUI_components/menu",
        "description": "features.experiment.GUI_components.description.menu",
        "gui_component_category": 1
    }
}, {
    "model": "wizard.guicomponent",
    "pk": 23,
    "fields": {
        "id_code": "menu_6",
        "name": "features.experiment.GUI_components.name.menu_6",
        "filename": "17600-android.widget.ImageView.png",
        "path": "resources/GUI_components/menu",
        "description": "features.experiment.GUI_components.description.menu",
        "gui_component_category": 6
    }
}, {
    "model": "wizard.guicomponent",
    "pk": 24,
    "fields": {
        "id_code": "menu_7",
        "name": "features.experiment.GUI_components.name.menu_7",
        "filename": "15564-android.widget.ImageButton.png",
        "path": "resources/GUI_components/menu",
        "description": "features.experiment.GUI_components.description.menu",
        "gui_component_category": 6
    }
}, {
    "model": "wizard.guicomponent",
    "pk": 25,
    "fields": {
        "id_code": "menu_9",
        "name": "features.experiment.GUI_components.name.menu_9",
        "filename": "6-android.widget.ImageButton.png",
        "path": "resources/GUI_components/menu",
        "description": "features.experiment.GUI_components.description.menu",
        "gui_component_category": 6
    }
}, {
    "model": "wizard.guicomponent",
    "pk": 26,
    "fields": {
        "id_code": "reply_1",
        "name": "features.experiment.GUI_components.name.reply_1",
        "filename": "reply-message.png",
        "path": "resources/GUI_components/reply",
        "description": "features.experiment.GUI_components.description.reply",
        "gui_component_category": 6
    }
}, {
    "model": "wizard.guicomponent",
    "pk": 27,
    "fields": {
        "id_code": "reply_2",
        "name": "features.experiment.GUI_components.name.reply_2",
        "filename": "reply.png",
        "path": "resources/GUI_components/reply",
        "description": "features.experiment.GUI_components.description.reply",
        "gui_component_category": 6
    }
}, {
    "model": "wizard.guicomponent",
    "pk": 28,
    "fields": {
        "id_code": "reply_3",
        "name": "features.experiment.GUI_components.name.reply_3",
        "filename": "reply(3).png",
        "path": "resources/GUI_components/reply",
        "description": "features.experiment.GUI_components.description.reply",
        "gui_component_category": 6
    }
}, {
    "model": "wizard.guicomponent",
    "pk": 29,
    "fields": {
        "id_code": "reply_4",
        "name": "features.experiment.GUI_components.name.reply_4",
        "filename": "reply(2).png",
        "path": "resources/GUI_components/reply",
        "description": "features.experiment.GUI_components.description.reply",
        "gui_component_category": 6
    }
}, {
    "model": "wizard.guicomponent",
    "pk": 30,
    "fields": {
        "id_code": "reply_5",
        "name": "features.experiment.GUI_components.name.reply_5",
        "filename": "reply(1).png",
        "path": "resources/GUI_components/reply",
        "description": "features.experiment.GUI_components.description.reply",
        "gui_component_category": 6
    }
}, {
    "model": "wizard.guicomponent",
    "pk": 31,
    "fields": {
        "id_code": "reload_1",
        "name": "features.experiment.GUI_components.name.reload_1",
        "filename": "239935-android.widget.Button.png",
        "path": "resources/GUI_components/reload",
        "description": "features.experiment.GUI_components.description.reload",
        "gui_component_category": 1
    }
}, {
    "model": "wizard.guicomponent",
    "pk": 32,
    "fields": {
        "id_code": "reload_2",
        "name": "features.experiment.GUI_components.name.reload_2",
        "filename": "188872-android.widget.Button.png",
        "path": "resources/GUI_components/reload",
        "description": "features.experiment.GUI_components.description.reload",
        "gui_component_category": 1
    }
}, {
    "model": "wizard.guicomponent",
    "pk": 33,
    "fields": {
        "id_code": "reload_3",
        "name": "features.experiment.GUI_components.name.reload_3",
        "filename": "138968-android.widget.Button.png",
        "path": "resources/GUI_components/reload",
        "description": "features.experiment.GUI_components.description.reload",
        "gui_component_category": 1
    }
}, {
    "model": "wizard.guicomponent",
    "pk": 34,
    "fields": {
        "id_code": "reload_4",
        "name": "features.experiment.GUI_components.name.reload_4",
        "filename": "62324-android.widget.Button.png",
        "path": "resources/GUI_components/reload",
        "description": "features.experiment.GUI_components.description.reload",
        "gui_component_category": 1
    }
}, {
    "model": "wizard.guicomponent",
    "pk": 35,
    "fields": {
        "id_code": "reload_5",
        "name": "features.experiment.GUI_components.name.reload_5",
        "filename": "16411-android.widget.TextView.png",
        "path": "resources/GUI_components/reload",
        "description": "features.experiment.GUI_components.description.reload",
        "gui_component_category": 5
    }
}, {
    "model": "wizard.guicomponent",
    "pk": 36,
    "fields": {
        "id_code": "trash_1",
        "name": "features.experiment.GUI_components.name.trash_1",
        "filename": "trash_b.png",
        "path": "resources/GUI_components/trash",
        "description": "features.experiment.GUI_components.description.trash",
        "gui_component_category": 1
    }
}, {
    "model": "wizard.guicomponent",
    "pk": 37,
    "fields": {
        "id_code": "trash_2",
        "name": "features.experiment.GUI_components.name.trash_2",
        "filename": "trash.png",
        "path": "resources/GUI_components/trash",
        "description": "features.experiment.GUI_components.description.trash",
        "gui_component_category": 1
    }
}, {
    "model": "wizard.guicomponent",
    "pk": 38,
    "fields": {
        "id_code": "trash_3",
        "name": "features.experiment.GUI_components.name.trash_3",
        "filename": "trash(2).png",
        "path": "resources/GUI_components/trash",
        "description": "features.experiment.GUI_components.description.trash",
        "gui_component_category": 6
    }
}, {
    "model": "wizard.guicomponent",
    "pk": 39,
    "fields": {
        "id_code": "trash_4",
        "name": "features.experiment.GUI_components.name.trash_4",
        "filename": "trash(1).png",
        "path": "resources/GUI_components/trash",
        "description": "features.experiment.GUI_components.description.trash",
        "gui_component_category": 6
    }
}, {
    "model": "wizard.guicomponent",
    "pk": 40,
    "fields": {
        "id_code": "trash_5",
        "name": "features.experiment.GUI_components.name.trash_5",
        "filename": "garbage.png",
        "path": "resources/GUI_components/trash",
        "description": "features.experiment.GUI_components.description.trash",
        "gui_component_category": 6
    }
}, {
    "model": "wizard.guicomponent",
    "pk": 41,
    "fields": {
        "id_code": "trash_6",
        "name": "features.experiment.GUI_components.name.trash_6",
        "filename": "190610-android.widget.Button.png",
        "path": "resources/GUI_components/trash",
        "description": "features.experiment.GUI_components.description.trash",
        "gui_component_category": 6
    }
}, {
    "model": "wizard.guicomponent",
    "pk": 42,
    "fields": {
        "id_code": "mail_1",
        "name": "features.experiment.GUI_components.name.mail_1",
        "filename": "149263-android.widget.Button.png",
        "path": "resources/GUI_components/mail",
        "description": "features.experiment.GUI_components.description.mail",
        "gui_component_category": 1
    }
}, {
    "model": "wizard.guicomponent",
    "pk": 43,
    "fields": {
        "id_code": "mail_2",
        "name": "features.experiment.GUI_components.name.mail_2",
        "filename": "17792-android.widget.ImageView.png",
        "path": "resources/GUI_components/mail",
        "description": "features.experiment.GUI_components.description.mail",
        "gui_component_category": 6
    }
}, {
    "model": "wizard.guicomponent",
    "pk": 44,
    "fields": {
        "id_code": "mail_3",
        "name": "features.experiment.GUI_components.name.mail_3",
        "filename": "17760-android.widget.ImageView.png",
        "path": "resources/GUI_components/mail",
        "description": "features.experiment.GUI_components.description.mail",
        "gui_component_category": 6
    }
}, {
    "model": "wizard.guicomponent",
    "pk": 45,
    "fields": {
        "id_code": "mail_4",
        "name": "features.experiment.GUI_components.name.mail_4",
        "filename": "16907-android.widget.TextView.png",
        "path": "resources/GUI_components/mail",
        "description": "features.experiment.GUI_components.description.mail",
        "gui_component_category": 5
    }
}, {
    "model": "wizard.guicomponent",
    "pk": 46,
    "fields": {
        "id_code": "mail_5",
        "name": "features.experiment.GUI_components.name.mail_5",
        "filename": "15988-android.widget.TextView.png",
        "path": "resources/GUI_components/mail",
        "description": "features.experiment.GUI_components.description.mail",
        "gui_component_category": 5
    }
}, {
    "model": "wizard.guicomponent",
    "pk": 47,
    "fields": {
        "id_code": "mail_6",
        "name": "features.experiment.GUI_components.name.mail_6",
        "filename": "15712-android.widget.TextView.png",
        "path": "resources/GUI_components/mail",
        "description": "features.experiment.GUI_components.description.mail",
        "gui_component_category": 5
    }
}, {
    "model": "wizard.guicomponent",
    "pk": 48,
    "fields": {
        "id_code": "mail_7",
        "name": "features.experiment.GUI_components.name.mail_7",
        "filename": "15540-android.widget.TextView.png",
        "path": "resources/GUI_components/mail",
        "description": "features.experiment.GUI_components.description.mail",
        "gui_component_category": 5
    }
}, {
    "model": "wizard.guicomponent",
    "pk": 49,
    "fields": {
        "id_code": "mail_8",
        "name": "features.experiment.GUI_components.name.mail_8",
        "filename": "15486-android.widget.TextView.png",
        "path": "resources/GUI_components/mail",
        "description": "features.experiment.GUI_components.description.mail",
        "gui_component_category": 5
    }
}, {
    "model": "wizard.guicomponent",
    "pk": 50,
    "fields": {
        "id_code": "mail_9",
        "name": "features.experiment.GUI_components.name.mail_9",
        "filename": "15317-android.widget.TextView.png",
        "path": "resources/GUI_components/mail",
        "description": "features.experiment.GUI_components.description.mail",
        "gui_component_category": 5
    }
}, {
    "model": "wizard.guicomponent",
    "pk": 51,
    "fields": {
        "id_code": "back_1",
        "name": "features.experiment.GUI_components.name.back_1",
        "filename": "247887-android.widget.ImageButton.png",
        "path": "resources/GUI_components/back",
        "description": "features.experiment.GUI_components.description.back",
        "gui_component_category": 6
    }
}, {
    "model": "wizard.guicomponent",
    "pk": 52,
    "fields": {
        "id_code": "back_2",
        "name": "features.experiment.GUI_components.name.back_2",
        "filename": "247925-android.widget.ImageButton.png",
        "path": "resources/GUI_components/back",
        "description": "features.experiment.GUI_components.description.back",
        "gui_component_category": 6
    }
}, {
    "model": "wizard.guicomponent",
    "pk": 53,
    "fields": {
        "id_code": "back_3",
        "name": "features.experiment.GUI_components.name.back_3",
        "filename": "249391-android.widget.ImageButton.png",
        "path": "resources/GUI_components/back",
        "description": "features.experiment.GUI_components.description.back",
        "gui_component_category": 6
    }
}, {
    "model": "wizard.guicomponent",
    "pk": 54,
    "fields": {
        "id_code": "back_4",
        "name": "features.experiment.GUI_components.name.back_4",
        "filename": "250749-android.widget.Button.png",
        "path": "resources/GUI_components/back",
        "description": "features.experiment.GUI_components.description.back",
        "gui_component_category": 1
    }
}, {
    "model": "wizard.guicomponent",
    "pk": 55,
    "fields": {
        "id_code": "back_5",
        "name": "features.experiment.GUI_components.name.back_5",
        "filename": "17642-android.widget.ImageButton.png",
        "path": "resources/GUI_components/back",
        "description": "features.experiment.GUI_components.description.back",
        "gui_component_category": 6
    }
}, {
    "model": "wizard.guicomponent",
    "pk": 56,
    "fields": {
        "id_code": "back_6",
        "name": "features.experiment.GUI_components.name.back_6",
        "filename": "17649-android.widget.Button.png",
        "path": "resources/GUI_components/back",
        "description": "features.experiment.GUI_components.description.back",
        "gui_component_category": 1
    }
}, {
    "model": "wizard.guicomponent",
    "pk": 57,
    "fields": {
        "id_code": "back_7",
        "name": "features.experiment.GUI_components.name.back_7",
        "filename": "17675-android.widget.ImageButton.png",
        "path": "resources/GUI_components/back",
        "description": "features.experiment.GUI_components.description.back",
        "gui_component_category": 6
    }
}, {
    "model": "wizard.guicomponent",
    "pk": 58,
    "fields": {
        "id_code": "back_8",
        "name": "features.experiment.GUI_components.name.back_8",
        "filename": "57478-android.widget.Button.png",
        "path": "resources/GUI_components/back",
        "description": "features.experiment.GUI_components.description.back",
        "gui_component_category": 1
    }
}, {
    "model": "wizard.guicomponent",
    "pk": 59,
    "fields": {
        "id_code": "back_9",
        "name": "features.experiment.GUI_components.name.back_9",
        "filename": "166430-android.widget.Button.png",
        "path": "resources/GUI_components/back",
        "description": "features.experiment.GUI_components.description.back",
        "gui_component_category": 1
    }
}, {
    "model": "wizard.guicomponent",
    "pk": 60,
    "fields": {
        "id_code": "back_10",
        "name": "features.experiment.GUI_components.name.back_10",
        "filename": "176216-android.widget.Button.png",
        "path": "resources/GUI_components/back",
        "description": "features.experiment.GUI_components.description.back",
        "gui_component_category": 1
    }
}, {
    "model": "wizard.guicomponent",
    "pk": 61,
    "fields": {
        "id_code": "back_11",
        "name": "features.experiment.GUI_components.name.back_11",
        "filename": "180721-android.widget.Button.png",
        "path": "resources/GUI_components/back",
        "description": "features.experiment.GUI_components.description.back",
        "gui_component_category": 1
    }
}, {
    "model": "wizard.guicomponent",
    "pk": 62,
    "fields": {
        "id_code": "back_12",
        "name": "features.experiment.GUI_components.name.back_12",
        "filename": "228740-android.widget.Button.png",
        "path": "resources/GUI_components/back",
        "description": "features.experiment.GUI_components.description.back",
        "gui_component_category": 1
    }
}, {
    "model": "wizard.guicomponent",
    "pk": 63,
    "fields": {
        "id_code": "back_13",
        "name": "features.experiment.GUI_components.name.back_13",
        "filename": "234976-android.widget.Button.png",
        "path": "resources/GUI_components/back",
        "description": "features.experiment.GUI_components.description.back",
        "gui_component_category": 1
    }
}, {
    "model": "wizard.guicomponent",
    "pk": 64,
    "fields": {
        "id_code": "back_14",
        "name": "features.experiment.GUI_components.name.back_14",
        "filename": "250749-android.widget.Button.png",
        "path": "resources/GUI_components/back",
        "description": "features.experiment.GUI_components.description.back",
        "gui_component_category": 1
    }
}, {
    "model": "wizard.guicomponent",
    "pk": 65,
    "fields": {
        "id_code": "back_15",
        "name": "features.experiment.GUI_components.name.back_15",
        "filename": "16912-android.widget.ImageButton.png",
        "path": "resources/GUI_components/back",
        "description": "features.experiment.GUI_components.description.back",
        "gui_component_category": 6
    }
}, {
    "model": "wizard.guicomponent",
    "pk": 66,
    "fields": {
        "id_code": "back_16",
        "name": "features.experiment.GUI_components.name.back_16",
        "filename": "16189-android.widget.ImageButton.png",
        "path": "resources/GUI_components/back",
        "description": "features.experiment.GUI_components.description.back",
        "gui_component_category": 6
    }
}, {
    "model": "wizard.guicomponent",
    "pk": 67,
    "fields": {
        "id_code": "back_17",
        "name": "features.experiment.GUI_components.name.back_17",
        "filename": "15994-android.widget.TextView.png",
        "path": "resources/GUI_components/back",
        "description": "features.experiment.GUI_components.description.back",
        "gui_component_category": 5
    }
}, {
    "model": "wizard.guicomponent",
    "pk": 68,
    "fields": {
        "id_code": "back_18",
        "name": "features.experiment.GUI_components.name.back_18",
        "filename": "15700-android.widget.ImageButton.png",
        "path": "resources/GUI_components/back",
        "description": "features.experiment.GUI_components.description.back",
        "gui_component_category": 6
    }
}, {
    "model": "wizard.guicomponent",
    "pk": 69,
    "fields": {
        "id_code": "back_19",
        "name": "features.experiment.GUI_components.name.back_19",
        "filename": "15232-android.widget.ImageButton.png",
        "path": "resources/GUI_components/back",
        "description": "features.experiment.GUI_components.description.back",
        "gui_component_category": 6
    }
}, {
    "model": "wizard.guicomponent",
    "pk": 70,
    "fields": {
        "id_code": "back_21",
        "name": "features.experiment.GUI_components.name.back_21",
        "filename": "17043-android.widget.ImageButton.png",
        "path": "resources/GUI_components/back",
        "description": "features.experiment.GUI_components.description.back",
        "gui_component_category": 6
    }
}, {
    "model": "wizard.guicomponent",
    "pk": 71,
    "fields": {
        "id_code": "back_22",
        "name": "features.experiment.GUI_components.name.back_22",
        "filename": "17239-android.widget.ImageButton.png",
        "path": "resources/GUI_components/back",
        "description": "features.experiment.GUI_components.description.back",
        "gui_component_category": 6
    }
}, {
    "model": "wizard.guicomponent",
    "pk": 72,
    "fields": {
        "id_code": "back_23",
        "name": "features.experiment.GUI_components.name.back_23",
        "filename": "17314-android.widget.ImageButton.png",
        "path": "resources/GUI_components/back",
        "description": "features.experiment.GUI_components.description.back",
        "gui_component_category": 6
    }
}, {
    "model": "wizard.guicomponent",
    "pk": 73,
    "fields": {
        "id_code": "back_24",
        "name": "features.experiment.GUI_components.name.back_24",
        "filename": "17367-android.widget.ImageButton.png",
        "path": "resources/GUI_components/back",
        "description": "features.experiment.GUI_components.description.back",
        "gui_component_category": 6
    }
}, {
    "model": "wizard.guicomponent",
    "pk": 74,
    "fields": {
        "id_code": "next_1",
        "name": "features.experiment.GUI_components.name.next_1",
        "filename": "247268-android.widget.Button.png",
        "path": "resources/GUI_components/next",
        "description": "features.experiment.GUI_components.description.next",
        "gui_component_category": 1
    }
}, {
    "model": "wizard.guicomponent",
    "pk": 75,
    "fields": {
        "id_code": "next_2",
        "name": "features.experiment.GUI_components.name.next_2",
        "filename": "242119-android.widget.Button.png",
        "path": "resources/GUI_components/next",
        "description": "features.experiment.GUI_components.description.next",
        "gui_component_category": 1
    }
}, {
    "model": "wizard.guicomponent",
    "pk": 76,
    "fields": {
        "id_code": "next_3",
        "name": "features.experiment.GUI_components.name.next_3",
        "filename": "213943-android.widget.Button.png",
        "path": "resources/GUI_components/next",
        "description": "features.experiment.GUI_components.description.next",
        "gui_component_category": 1
    }
}, {
    "model": "wizard.guicomponent",
    "pk": 77,
    "fields": {
        "id_code": "next_4",
        "name": "features.experiment.GUI_components.name.next_4",
        "filename": "151298-android.widget.Button.png",
        "path": "resources/GUI_components/next",
        "description": "features.experiment.GUI_components.description.next",
        "gui_component_category": 1
    }
}, {
    "model": "wizard.guicomponent",
    "pk": 78,
    "fields": {
        "id_code": "next_5",
        "name": "features.experiment.GUI_components.name.next_5",
        "filename": "140628-android.widget.Button.png",
        "path": "resources/GUI_components/next",
        "description": "features.experiment.GUI_components.description.next",
        "gui_component_category": 1
    }
}, {
    "model": "wizard.guicomponent",
    "pk": 79,
    "fields": {
        "id_code": "next_6",
        "name": "features.experiment.GUI_components.name.next_6",
        "filename": "126359-android.widget.Button.png",
        "path": "resources/GUI_components/next",
        "description": "features.experiment.GUI_components.description.next",
        "gui_component_category": 1
    }
}, {
    "model": "wizard.guicomponent",
    "pk": 80,
    "fields": {
        "id_code": "next_7",
        "name": "features.experiment.GUI_components.name.next_7",
        "filename": "101057-android.widget.Button.png",
        "path": "resources/GUI_components/next",
        "description": "features.experiment.GUI_components.description.next",
        "gui_component_category": 1
    }
}, {
    "model": "wizard.guicomponent",
    "pk": 81,
    "fields": {
        "id_code": "next_8",
        "name": "features.experiment.GUI_components.name.next_8",
        "filename": "80301-android.widget.Button.png",
        "path": "resources/GUI_components/next",
        "description": "features.experiment.GUI_components.description.next",
        "gui_component_category": 1
    }
}, {
    "model": "wizard.guicomponent",
    "pk": 82,
    "fields": {
        "id_code": "next_9",
        "name": "features.experiment.GUI_components.name.next_9",
        "filename": "40163-android.widget.Button.png",
        "path": "resources/GUI_components/next",
        "description": "features.experiment.GUI_components.description.next",
        "gui_component_category": 1
    }
}, {
    "model": "wizard.guicomponent",
    "pk": 83,
    "fields": {
        "id_code": "next_10",
        "name": "features.experiment.GUI_components.name.next_10",
        "filename": "17654-android.widget.Button.png",
        "path": "resources/GUI_components/next",
        "description": "features.experiment.GUI_components.description.next",
        "gui_component_category": 1
    }
}, {
    "model": "wizard.guicomponent",
    "pk": 84,
    "fields": {
        "id_code": "next_11",
        "name": "features.experiment.GUI_components.name.next_11",
        "filename": "16190-android.widget.ImageButton.png",
        "path": "resources/GUI_components/next",
        "description": "features.experiment.GUI_components.description.next",
        "gui_component_category": 6
    }
}, {
    "model": "wizard.guicomponent",
    "pk": 85,
    "fields": {
        "id_code": "next_12",
        "name": "features.experiment.GUI_components.name.next_12",
        "filename": "15995-android.widget.TextView.png",
        "path": "resources/GUI_components/next",
        "description": "features.experiment.GUI_components.description.next",
        "gui_component_category": 5
    }
}, {
    "model": "wizard.guicomponent",
    "pk": 86,
    "fields": {
        "id_code": "next_13",
        "name": "features.experiment.GUI_components.name.next_13",
        "filename": "15767-android.widget.TextView.png",
        "path": "resources/GUI_components/next",
        "description": "features.experiment.GUI_components.description.next",
        "gui_component_category": 5
    }
}, {
    "model": "wizard.guicomponent",
    "pk": 87,
    "fields": {
        "id_code": "next_14",
        "name": "features.experiment.GUI_components.name.next_14",
        "filename": "15248-android.widget.ImageButton.png",
        "path": "resources/GUI_components/next",
        "description": "features.experiment.GUI_components.description.next",
        "gui_component_category": 6
    }
}, {
    "model": "wizard.guicomponent",
    "pk": 88,
    "fields": {
        "id_code": "save_1",
        "name": "features.experiment.GUI_components.name.save_1",
        "filename": "221463-android.widget.Button.png",
        "path": "resources/GUI_components/save",
        "description": "features.experiment.GUI_components.description.save",
        "gui_component_category": 1
    }
}, {
    "model": "wizard.guicomponent",
    "pk": 89,
    "fields": {
        "id_code": "save_2",
        "name": "features.experiment.GUI_components.name.save_2",
        "filename": "208497-android.widget.Button.png",
        "path": "resources/GUI_components/save",
        "description": "features.experiment.GUI_components.description.save",
        "gui_component_category": 1
    }
}, {
    "model": "wizard.guicomponent",
    "pk": 90,
    "fields": {
        "id_code": "save_3",
        "name": "features.experiment.GUI_components.name.save_3",
        "filename": "192024-android.widget.Button.png",
        "path": "resources/GUI_components/save",
        "description": "features.experiment.GUI_components.description.save",
        "gui_component_category": 1
    }
}, {
    "model": "wizard.guicomponent",
    "pk": 91,
    "fields": {
        "id_code": "save_4",
        "name": "features.experiment.GUI_components.name.save_4",
        "filename": "189573-android.widget.Button.png",
        "path": "resources/GUI_components/save",
        "description": "features.experiment.GUI_components.description.save",
        "gui_component_category": 1
    }
}, {
    "model": "wizard.guicomponent",
    "pk": 92,
    "fields": {
        "id_code": "save_5",
        "name": "features.experiment.GUI_components.name.save_5",
        "filename": "173708-android.widget.Button.png",
        "path": "resources/GUI_components/save",
        "description": "features.experiment.GUI_components.description.save",
        "gui_component_category": 1
    }
}, {
    "model": "wizard.guicomponent",
    "pk": 93,
    "fields": {
        "id_code": "save_6",
        "name": "features.experiment.GUI_components.name.save_6",
        "filename": "122372-android.widget.Button.png",
        "path": "resources/GUI_components/save",
        "description": "features.experiment.GUI_components.description.save",
        "gui_component_category": 1
    }
}, {
    "model": "wizard.guicomponent",
    "pk": 94,
    "fields": {
        "id_code": "save_7",
        "name": "features.experiment.GUI_components.name.save_7",
        "filename": "108079-android.widget.Button.png",
        "path": "resources/GUI_components/save",
        "description": "features.experiment.GUI_components.description.save",
        "gui_component_category": 1
    }
}, {
    "model": "wizard.guicomponent",
    "pk": 95,
    "fields": {
        "id_code": "save_8",
        "name": "features.experiment.GUI_components.name.save_8",
        "filename": "46135-android.widget.Button.png",
        "path": "resources/GUI_components/save",
        "description": "features.experiment.GUI_components.description.save",
        "gui_component_category": 1
    }
}, {
    "model": "wizard.guicomponent",
    "pk": 96,
    "fields": {
        "id_code": "save_9",
        "name": "features.experiment.GUI_components.name.save_9",
        "filename": "43441-android.widget.Button.png",
        "path": "resources/GUI_components/save",
        "description": "features.experiment.GUI_components.description.save",
        "gui_component_category": 1
    }
}, {
    "model": "wizard.guicomponent",
    "pk": 97,
    "fields": {
        "id_code": "save_10",
        "name": "features.experiment.GUI_components.name.save_10",
        "filename": "41121-android.widget.Button.png",
        "path": "resources/GUI_components/save",
        "description": "features.experiment.GUI_components.description.save",
        "gui_component_category": 1
    }
}, {
    "model": "wizard.guicomponent",
    "pk": 98,
    "fields": {
        "id_code": "save_11",
        "name": "features.experiment.GUI_components.name.save_11",
        "filename": "15230-android.widget.Button.png",
        "path": "resources/GUI_components/save",
        "description": "features.experiment.GUI_components.description.save",
        "gui_component_category": 1
    }
}, {
    "model": "wizard.guicomponent",
    "pk": 99,
    "fields": {
        "id_code": "save_12",
        "name": "features.experiment.GUI_components.name.save_12",
        "filename": "save_b.png",
        "path": "resources/GUI_components/save",
        "description": "features.experiment.GUI_components.description.save",
        "gui_component_category": 1
    }
}, {
    "model": "wizard.guicomponent",
    "pk": 100,
    "fields": {
        "id_code": "save_13",
        "name": "features.experiment.GUI_components.name.save_13",
        "filename": "save_b_2.png",
        "path": "resources/GUI_components/save",
        "description": "features.experiment.GUI_components.description.save",
        "gui_component_category": 1
    }
}, {
    "model": "wizard.guicomponent",
    "pk": 101,
    "fields": {
        "id_code": "cancel_1",
        "name": "features.experiment.GUI_components.name.cancel_1",
        "filename": "15229-android.widget.Button.png",
        "path": "resources/GUI_components/cancel",
        "description": "features.experiment.GUI_components.description.cancel",
        "gui_component_category": 1
    }
}, {
    "model": "wizard.guicomponent",
    "pk": 102,
    "fields": {
        "id_code": "cancel_2",
        "name": "features.experiment.GUI_components.name.cancel_2",
        "filename": "245879-android.widget.Button.png",
        "path": "resources/GUI_components/cancel",
        "description": "features.experiment.GUI_components.description.cancel",
        "gui_component_category": 1
    }
}, {
    "model": "wizard.guicomponent",
    "pk": 103,
    "fields": {
        "id_code": "cancel_3",
        "name": "features.experiment.GUI_components.name.cancel_3",
        "filename": "237758-android.widget.Button.png",
        "path": "resources/GUI_components/cancel",
        "description": "features.experiment.GUI_components.description.cancel",
        "gui_component_category": 1
    }
}, {
    "model": "wizard.guicomponent",
    "pk": 104,
    "fields": {
        "id_code": "cancel_4",
        "name": "features.experiment.GUI_components.name.cancel_4",
        "filename": "213668-android.widget.Button.png",
        "path": "resources/GUI_components/cancel",
        "description": "features.experiment.GUI_components.description.cancel",
        "gui_component_category": 1
    }
}, {
    "model": "wizard.guicomponent",
    "pk": 105,
    "fields": {
        "id_code": "cancel_5",
        "name": "features.experiment.GUI_components.name.cancel_5",
        "filename": "207316-android.widget.Button.png",
        "path": "resources/GUI_components/cancel",
        "description": "features.experiment.GUI_components.description.cancel",
        "gui_component_category": 1
    }
}, {
    "model": "wizard.guicomponent",
    "pk": 106,
    "fields": {
        "id_code": "cancel_6",
        "name": "features.experiment.GUI_components.name.cancel_6",
        "filename": "202798-android.widget.Button.png",
        "path": "resources/GUI_components/cancel",
        "description": "features.experiment.GUI_components.description.cancel",
        "gui_component_category": 1
    }
}, {
    "model": "wizard.guicomponent",
    "pk": 107,
    "fields": {
        "id_code": "cancel_7",
        "name": "features.experiment.GUI_components.name.cancel_7",
        "filename": "156916-android.widget.Button.png",
        "path": "resources/GUI_components/cancel",
        "description": "features.experiment.GUI_components.description.cancel",
        "gui_component_category": 1
    }
}, {
    "model": "wizard.guicomponent",
    "pk": 108,
    "fields": {
        "id_code": "cancel_8",
        "name": "features.experiment.GUI_components.name.cancel_8",
        "filename": "137006-android.widget.Button.png",
        "path": "resources/GUI_components/cancel",
        "description": "features.experiment.GUI_components.description.cancel",
        "gui_component_category": 1
    }
}, {
    "model": "wizard.guicomponent",
    "pk": 109,
    "fields": {
        "id_code": "cancel_9",
        "name": "features.experiment.GUI_components.name.cancel_9",
        "filename": "134327-android.widget.Button.png",
        "path": "resources/GUI_components/cancel",
        "description": "features.experiment.GUI_components.description.cancel",
        "gui_component_category": 1
    }
}, {
    "model": "wizard.guicomponent",
    "pk": 110,
    "fields": {
        "id_code": "cancel_10",
        "name": "features.experiment.GUI_components.name.cancel_10",
        "filename": "126938-android.widget.Button.png",
        "path": "resources/GUI_components/cancel",
        "description": "features.experiment.GUI_components.description.cancel",
        "gui_component_category": 1
    }
}, {
    "model": "wizard.guicomponent",
    "pk": 111,
    "fields": {
        "id_code": "cancel_11",
        "name": "features.experiment.GUI_components.name.cancel_11",
        "filename": "101192-android.widget.Button.png",
        "path": "resources/GUI_components/cancel",
        "description": "features.experiment.GUI_components.description.cancel",
        "gui_component_category": 1
    }
}, {
    "model": "wizard.guicomponent",
    "pk": 112,
    "fields": {
        "id_code": "cancel_12",
        "name": "features.experiment.GUI_components.name.cancel_12",
        "filename": "51025-android.widget.Button.png",
        "path": "resources/GUI_components/cancel",
        "description": "features.experiment.GUI_components.description.cancel",
        "gui_component_category": 1
    }
}, {
    "model": "wizard.guicomponent",
    "pk": 113,
    "fields": {
        "id_code": "cancel_13",
        "name": "features.experiment.GUI_components.name.cancel_13",
        "filename": "44579-android.widget.Button.png",
        "path": "resources/GUI_components/cancel",
        "description": "features.experiment.GUI_components.description.cancel",
        "gui_component_category": 1
    }
}, {
    "model": "wizard.guicomponent",
    "pk": 114,
    "fields": {
        "id_code": "cancel_14",
        "name": "features.experiment.GUI_components.name.cancel_14",
        "filename": "42094-android.widget.Button.png",
        "path": "resources/GUI_components/cancel",
        "description": "features.experiment.GUI_components.description.cancel",
        "gui_component_category": 1
    }
}, {
    "model": "wizard.guicomponent",
    "pk": 115,
    "fields": {
        "id_code": "cancel_15",
        "name": "features.experiment.GUI_components.name.cancel_15",
        "filename": "17723-android.widget.TextView.png",
        "path": "resources/GUI_components/cancel",
        "description": "features.experiment.GUI_components.description.cancel",
        "gui_component_category": 5
    }
}, {
    "model": "wizard.guicomponent",
    "pk": 116,
    "fields": {
        "id_code": "cancel_16",
        "name": "features.experiment.GUI_components.name.cancel_16",
        "filename": "17200-android.widget.ImageButton.png",
        "path": "resources/GUI_components/cancel",
        "description": "features.experiment.GUI_components.description.cancel",
        "gui_component_category": 6
    }
}, {
    "model": "wizard.guicomponent",
    "pk": 117,
    "fields": {
        "id_code": "cancel_17",
        "name": "features.experiment.GUI_components.name.cancel_17",
        "filename": "15370-android.widget.Button.png",
        "path": "resources/GUI_components/cancel",
        "description": "features.experiment.GUI_components.description.cancel",
        "gui_component_category": 1
    }
}, {
    "model": "wizard.guicomponent",
    "pk": 118,
    "fields": {
        "id_code": "cancel_18",
        "name": "features.experiment.GUI_components.name.cancel_18",
        "filename": "15229-android.widget.Button.png",
        "path": "resources/GUI_components/cancel",
        "description": "features.experiment.GUI_components.description.cancel",
        "gui_component_category": 1
    }
}, {
    "model": "wizard.guicomponent",
    "pk": 119,
    "fields": {
        "id_code": "ok_1",
        "name": "features.experiment.GUI_components.name.ok_1",
        "filename": "246967-android.widget.Button.png",
        "path": "resources/GUI_components/ok",
        "description": "features.experiment.GUI_components.description.ok",
        "gui_component_category": 1
    }
}, {
    "model": "wizard.guicomponent",
    "pk": 120,
    "fields": {
        "id_code": "ok_2",
        "name": "features.experiment.GUI_components.name.ok_2",
        "filename": "242602-android.widget.Button.png",
        "path": "resources/GUI_components/ok",
        "description": "features.experiment.GUI_components.description.ok",
        "gui_component_category": 1
    }
}, {
    "model": "wizard.guicomponent",
    "pk": 121,
    "fields": {
        "id_code": "ok_4",
        "name": "features.experiment.GUI_components.name.ok_4",
        "filename": "225467-android.widget.Button.png",
        "path": "resources/GUI_components/ok",
        "description": "features.experiment.GUI_components.description.ok",
        "gui_component_category": 1
    }
}, {
    "model": "wizard.guicomponent",
    "pk": 122,
    "fields": {
        "id_code": "ok_3",
        "name": "features.experiment.GUI_components.name.ok_3",
        "filename": "236871-android.widget.Button.png",
        "path": "resources/GUI_components/ok",
        "description": "features.experiment.GUI_components.description.ok",
        "gui_component_category": 1
    }
}, {
    "model": "wizard.guicomponent",
    "pk": 123,
    "fields": {
        "id_code": "ok_5",
        "name": "features.experiment.GUI_components.name.ok_5",
        "filename": "70839-android.widget.Button.png",
        "path": "resources/GUI_components/ok",
        "description": "features.experiment.GUI_components.description.ok",
        "gui_component_category": 1
    }
}, {
    "model": "wizard.guicomponent",
    "pk": 124,
    "fields": {
        "id_code": "ok_6",
        "name": "features.experiment.GUI_components.name.ok_6",
        "filename": "169648-android.widget.Button.png",
        "path": "resources/GUI_components/ok",
        "description": "features.experiment.GUI_components.description.ok",
        "gui_component_category": 1
    }
}, {
    "model": "wizard.guicomponent",
    "pk": 125,
    "fields": {
        "id_code": "ok_7",
        "name": "features.experiment.GUI_components.name.ok_7",
        "filename": "164957-android.widget.Button.png",
        "path": "resources/GUI_components/ok",
        "description": "features.experiment.GUI_components.description.ok",
        "gui_component_category": 1
    }
}, {
    "model": "wizard.guicomponent",
    "pk": 126,
    "fields": {
        "id_code": "ok_8",
        "name": "features.experiment.GUI_components.name.ok_8",
        "filename": "157136-android.widget.Button.png",
        "path": "resources/GUI_components/ok",
        "description": "features.experiment.GUI_components.description.ok",
        "gui_component_category": 1
    }
}, {
    "model": "wizard.guicomponent",
    "pk": 127,
    "fields": {
        "id_code": "ok_10",
        "name": "features.experiment.GUI_components.name.ok_10",
        "filename": "137291-android.widget.Button.png",
        "path": "resources/GUI_components/ok",
        "description": "features.experiment.GUI_components.description.ok",
        "gui_component_category": 1
    }
}, {
    "model": "wizard.guicomponent",
    "pk": 128,
    "fields": {
        "id_code": "ok_11",
        "name": "features.experiment.GUI_components.name.ok_11",
        "filename": "132860-android.widget.Button.png",
        "path": "resources/GUI_components/ok",
        "description": "features.experiment.GUI_components.description.ok",
        "gui_component_category": 1
    }
}, {
    "model": "wizard.guicomponent",
    "pk": 129,
    "fields": {
        "id_code": "ok_12",
        "name": "features.experiment.GUI_components.name.ok_12",
        "filename": "116861-android.widget.Button.png",
        "path": "resources/GUI_components/ok",
        "description": "features.experiment.GUI_components.description.ok",
        "gui_component_category": 1
    }
}, {
    "model": "wizard.guicomponent",
    "pk": 130,
    "fields": {
        "id_code": "ok_13",
        "name": "features.experiment.GUI_components.name.ok_13",
        "filename": "98300-android.widget.Button.png",
        "path": "resources/GUI_components/ok",
        "description": "features.experiment.GUI_components.description.ok",
        "gui_component_category": 1
    }
}, {
    "model": "wizard.guicomponent",
    "pk": 131,
    "fields": {
        "id_code": "ok_14",
        "name": "features.experiment.GUI_components.name.ok_14",
        "filename": "92969-android.widget.Button.png",
        "path": "resources/GUI_components/ok",
        "description": "features.experiment.GUI_components.description.ok",
        "gui_component_category": 1
    }
}, {
    "model": "wizard.guicomponent",
    "pk": 132,
    "fields": {
        "id_code": "send_1",
        "name": "features.experiment.GUI_components.name.send_1",
        "filename": "17317-android.widget.TextView.png",
        "path": "resources/GUI_components/send",
        "description": "features.experiment.GUI_components.description.send",
        "gui_component_category": 5
    }
}, {
    "model": "wizard.guicomponent",
    "pk": 133,
    "fields": {
        "id_code": "text_input_1",
        "name": "features.experiment.GUI_components.name.text_input_1",
        "filename": "text_input_demo.png",
        "path": "resources/GUI_components/text_input",
        "description": "features.experiment.GUI_components.description.text_input",
        "gui_component_category": 4
    }
}, {
    "model": "wizard.guicomponent",
    "pk": 134,
    "fields": {
        "id_code": "text_input_2",
        "name": "features.experiment.GUI_components.name.text_input_2",
        "filename": "9-android.widget.EditText.png",
        "path": "resources/GUI_components/text_input",
        "description": "features.experiment.GUI_components.description.text_input",
        "gui_component_category": 4
    }
}, {
    "model": "wizard.guicomponent",
    "pk": 135,
    "fields": {
        "id_code": "doc_1",
        "name": "features.experiment.GUI_components.name.doc_1",
        "filename": "Imagen1.png",
        "path": "resources/GUI_components/documents",
        "description": "features.experiment.GUI_components.description.doc",
        "gui_component_category": 2
    }
}, {
    "model": "wizard.guicomponent",
    "pk": 136,
    "fields": {
        "id_code": "doc_2",
        "name": "features.experiment.GUI_components.name.doc_2",
        "filename": "Imagen2.png",
        "path": "resources/GUI_components/documents",
        "description": "features.experiment.GUI_components.description.doc",
        "gui_component_category": 2
    }
}, {
    "model": "wizard.guicomponent",
    "pk": 137,
    "fields": {
        "id_code": "doc_3",
        "name": "features.experiment.GUI_components.name.doc_3",
        "filename": "Imagen3.png",
        "path": "resources/GUI_components/documents",
        "description": "features.experiment.GUI_components.description.doc",
        "gui_component_category": 2
    }
}, {
    "model": "wizard.guicomponent",
    "pk": 138,
    "fields": {
        "id_code": "doc_4",
        "name": "features.experiment.GUI_components.name.doc_4",
        "filename": "Imagen4.png",
        "path": "resources/GUI_components/documents",
        "description": "features.experiment.GUI_components.description.doc",
        "gui_component_category": 2
    }
}, {
    "model": "wizard.guicomponent",
    "pk": 139,
    "fields": {
        "id_code": "doc_5",
        "name": "features.experiment.GUI_components.name.doc_5",
        "filename": "Imagen5.png",
        "path": "resources/GUI_components/documents",
        "description": "features.experiment.GUI_components.description.doc",
        "gui_component_category": 2
    }
}, {
    "model": "wizard.guicomponent",
    "pk": 140,
    "fields": {
        "id_code": "doc_6",
        "name": "features.experiment.GUI_components.name.doc_6",
        "filename": "Imagen6.png",
        "path": "resources/GUI_components/documents",
        "description": "features.experiment.GUI_components.description.doc",
        "gui_component_category": 2
    }
}, {
    "model": "wizard.guicomponent",
    "pk": 141,
    "fields": {
        "id_code": "doc_7",
        "name": "features.experiment.GUI_components.name.doc_7",
        "filename": "Imagen7.png",
        "path": "resources/GUI_components/documents",
        "description": "features.experiment.GUI_components.description.doc",
        "gui_component_category": 2
    }
}, {
    "model": "wizard.guicomponent",
    "pk": 142,
    "fields": {
        "id_code": "doc_8",
        "name": "features.experiment.GUI_components.name.doc_8",
        "filename": "Imagen8.png",
        "path": "resources/GUI_components/documents",
        "description": "features.experiment.GUI_components.description.doc",
        "gui_component_category": 2
    }
}, {
    "model": "wizard.guicomponent",
    "pk": 143,
    "fields": {
        "id_code": "doc_9",
        "name": "features.experiment.GUI_components.name.doc_9",
        "filename": "Imagen9.png",
        "path": "resources/GUI_components/documents",
        "description": "features.experiment.GUI_components.description.doc",
        "gui_component_category": 2
    }
}, {
    "model": "wizard.guicomponent",
    "pk": 144,
    "fields": {
        "id_code": "photo_1",
        "name": "features.experiment.GUI_components.name.photo_1",
        "filename": "passportphoto (1).png",
        "path": "resources/GUI_components/photos/blurred",
        "description": "features.experiment.GUI_components.description.photo",
        "gui_component_category": 2
    }
}, {
    "model": "wizard.guicomponent",
    "pk": 145,
    "fields": {
        "id_code": "photo_2",
        "name": "features.experiment.GUI_components.name.photo_2",
        "filename": "passportphoto (2).png",
        "path": "resources/GUI_components/photos/blurred",
        "description": "features.experiment.GUI_components.description.photo",
        "gui_component_category": 2
    }
}, {
    "model": "wizard.guicomponent",
    "pk": 146,
    "fields": {
        "id_code": "photo_3",
        "name": "features.experiment.GUI_components.name.photo_3",
        "filename": "passportphoto (3).png",
        "path": "resources/GUI_components/photos/blurred",
        "description": "features.experiment.GUI_components.description.photo",
        "gui_component_category": 2
    }
}, {
    "model": "wizard.guicomponent",
    "pk": 147,
    "fields": {
        "id_code": "photo_4",
        "name": "features.experiment.GUI_components.name.photo_4",
        "filename": "passportphoto (4).png",
        "path": "resources/GUI_components/photos/blurred",
        "description": "features.experiment.GUI_components.description.photo",
        "gui_component_category": 2
    }
}, {
    "model": "wizard.guicomponent",
    "pk": 148,
    "fields": {
        "id_code": "photo_5",
        "name": "features.experiment.GUI_components.name.photo_5",
        "filename": "passportphoto (5).png",
        "path": "resources/GUI_components/photos/blurred",
        "description": "features.experiment.GUI_components.description.photo",
        "gui_component_category": 2
    }
}, {
    "model": "wizard.guicomponent",
    "pk": 149,
    "fields": {
        "id_code": "photo_6",
        "name": "features.experiment.GUI_components.name.photo_6",
        "filename": "passportphoto (6).png",
        "path": "resources/GUI_components/photos/blurred",
        "description": "features.experiment.GUI_components.description.photo",
        "gui_component_category": 2
    }
}, {
    "model": "wizard.guicomponent",
    "pk": 150,
    "fields": {
        "id_code": "photo_7",
        "name": "features.experiment.GUI_components.name.photo_7",
        "filename": "passportphoto (7).png",
        "path": "resources/GUI_components/photos/blurred",
        "description": "features.experiment.GUI_components.description.photo",
        "gui_component_category": 2
    }
}, {
    "model": "wizard.guicomponent",
    "pk": 151,
    "fields": {
        "id_code": "photo_8",
        "name": "features.experiment.GUI_components.name.photo_8",
        "filename": "passportphoto (8).png",
        "path": "resources/GUI_components/photos/blurred",
        "description": "features.experiment.GUI_components.description.photo",
        "gui_component_category": 2
    }
}, {
    "model": "wizard.guicomponent",
    "pk": 152,
    "fields": {
        "id_code": "photo_9",
        "name": "features.experiment.GUI_components.name.photo_9",
        "filename": "passportphoto (9).png",
        "path": "resources/GUI_components/photos/blurred",
        "description": "features.experiment.GUI_components.description.photo",
        "gui_component_category": 2
    }
}, {
    "model": "wizard.guicomponent",
    "pk": 153,
    "fields": {
        "id_code": "photo_10",
        "name": "features.experiment.GUI_components.name.photo_10",
        "filename": "passportphoto (10).png",
        "path": "resources/GUI_components/photos/blurred",
        "description": "features.experiment.GUI_components.description.photo",
        "gui_component_category": 2
    }
}, {
    "model": "wizard.guicomponent",
    "pk": 154,
    "fields": {
        "id_code": "photo_11",
        "name": "features.experiment.GUI_components.name.photo_11",
        "filename": "passportphoto (11).png",
        "path": "resources/GUI_components/photos/blurred",
        "description": "features.experiment.GUI_components.description.photo",
        "gui_component_category": 2
    }
}, {
    "model": "wizard.guicomponent",
    "pk": 155,
    "fields": {
        "id_code": "photo_12",
        "name": "features.experiment.GUI_components.name.photo_12",
        "filename": "passportphoto (12).png",
        "path": "resources/GUI_components/photos/blurred",
        "description": "features.experiment.GUI_components.description.photo",
        "gui_component_category": 2
    }
}, {
    "model": "wizard.guicomponent",
    "pk": 156,
    "fields": {
        "id_code": "photo_13",
        "name": "features.experiment.GUI_components.name.photo_13",
        "filename": "passportphoto (13).png",
        "path": "resources/GUI_components/photos/blurred",
        "description": "features.experiment.GUI_components.description.photo",
        "gui_component_category": 2
    }
}, {
    "model": "wizard.guicomponent",
    "pk": 157,
    "fields": {
        "id_code": "photo_14",
        "name": "features.experiment.GUI_components.name.photo_14",
        "filename": "passportphoto (14).png",
        "path": "resources/GUI_components/photos/blurred",
        "description": "features.experiment.GUI_components.description.photo",
        "gui_component_category": 2
    }
}, {
    "model": "wizard.guicomponent",
    "pk": 158,
    "fields": {
        "id_code": "photo_15",
        "name": "features.experiment.GUI_components.name.photo_15",
        "filename": "passportphoto (15).png",
        "path": "resources/GUI_components/photos/blurred",
        "description": "features.experiment.GUI_components.description.photo",
        "gui_component_category": 2
    }
}, {
    "model": "wizard.guicomponent",
    "pk": 159,
    "fields": {
        "id_code": "photo_16",
        "name": "features.experiment.GUI_components.name.photo_16",
        "filename": "passportphoto (16).png",
        "path": "resources/GUI_components/photos/blurred",
        "description": "features.experiment.GUI_components.description.photo",
        "gui_component_category": 2
    }
}, {
    "model": "wizard.guicomponent",
    "pk": 160,
    "fields": {
        "id_code": "photo_17",
        "name": "features.experiment.GUI_components.name.photo_17",
        "filename": "passportphoto (17).png",
        "path": "resources/GUI_components/photos/blurred",
        "description": "features.experiment.GUI_components.description.photo",
        "gui_component_category": 2
    }
}, {
    "model": "wizard.guicomponent",
    "pk": 161,
    "fields": {
        "id_code": "photo_18",
        "name": "features.experiment.GUI_components.name.photo_18",
        "filename": "passportphoto (18).png",
        "path": "resources/GUI_components/photos/blurred",
        "description": "features.experiment.GUI_components.description.photo",
        "gui_component_category": 2
    }
}, {
    "model": "wizard.guicomponent",
    "pk": 162,
    "fields": {
        "id_code": "photo_19",
        "name": "features.experiment.GUI_components.name.photo_19",
        "filename": "passportphoto (19).png",
        "path": "resources/GUI_components/photos/blurred",
        "description": "features.experiment.GUI_components.description.photo",
        "gui_component_category": 2
    }
}, {
    "model": "wizard.guicomponent",
    "pk": 163,
    "fields": {
        "id_code": "photo_20",
        "name": "features.experiment.GUI_components.name.photo_20",
        "filename": "passportphoto (20).png",
        "path": "resources/GUI_components/photos/blurred",
        "description": "features.experiment.GUI_components.description.photo",
        "gui_component_category": 2
    }
}, {
    "model": "wizard.guicomponent",
    "pk": 164,
    "fields": {
        "id_code": "photo_21",
        "name": "features.experiment.GUI_components.name.photo_21",
        "filename": "passportphoto (21).png",
        "path": "resources/GUI_components/photos/blurred",
        "description": "features.experiment.GUI_components.description.photo",
        "gui_component_category": 2
    }
}, {
    "model": "wizard.guicomponent",
    "pk": 165,
    "fields": {
        "id_code": "photo_22",
        "name": "features.experiment.GUI_components.name.photo_22",
        "filename": "passportphoto (22).png",
        "path": "resources/GUI_components/photos/blurred",
        "description": "features.experiment.GUI_components.description.photo",
        "gui_component_category": 2
    }
}, {
    "model": "wizard.guicomponent",
    "pk": 166,
    "fields": {
        "id_code": "photo_23",
        "name": "features.experiment.GUI_components.name.photo_23",
        "filename": "passportphoto (23).png",
        "path": "resources/GUI_components/photos/blurred",
        "description": "features.experiment.GUI_components.description.photo",
        "gui_component_category": 2
    }
}, {
    "model": "wizard.guicomponent",
    "pk": 167,
    "fields": {
        "id_code": "photo_24",
        "name": "features.experiment.GUI_components.name.photo_24",
        "filename": "passportphoto (24).png",
        "path": "resources/GUI_components/photos/blurred",
        "description": "features.experiment.GUI_components.description.photo",
        "gui_component_category": 2
    }
}, {
    "model": "wizard.guicomponent",
    "pk": 168,
    "fields": {
        "id_code": "alert_1",
        "name": "features.experiment.GUI_components.name.alert_1",
        "filename": "alert (1).png",
        "path": "resources/GUI_components/alert",
        "description": "features.experiment.GUI_components.description.alert",
        "gui_component_category": 5
    }
}, {
    "model": "wizard.guicomponent",
    "pk": 169,
    "fields": {
        "id_code": "alert_2",
        "name": "features.experiment.GUI_components.name.alert_2",
        "filename": "alert (2).png",
        "path": "resources/GUI_components/alert",
        "description": "features.experiment.GUI_components.description.alert",
        "gui_component_category": 5
    }
}, {
    "model": "wizard.guicomponent",
    "pk": 170,
    "fields": {
        "id_code": "alert_3",
        "name": "features.experiment.GUI_components.name.alert_3",
        "filename": "alert (3).png",
        "path": "resources/GUI_components/alert",
        "description": "features.experiment.GUI_components.description.alert",
        "gui_component_category": 5
    }
}, {
    "model": "wizard.guicomponent",
    "pk": 171,
    "fields": {
        "id_code": "alert_4",
        "name": "features.experiment.GUI_components.name.alert_4",
        "filename": "alert (4).png",
        "path": "resources/GUI_components/alert",
        "description": "features.experiment.GUI_components.description.alert",
        "gui_component_category": 5
    }
}, {
    "model": "wizard.guicomponent",
    "pk": 172,
    "fields": {
        "id_code": "alert_5",
        "name": "features.experiment.GUI_components.name.alert_5",
        "filename": "alert (5).png",
        "path": "resources/GUI_components/alert",
        "description": "features.experiment.GUI_components.description.alert",
        "gui_component_category": 5
    }
}, {
    "model": "wizard.guicomponent",
    "pk": 173,
    "fields": {
        "id_code": "alert_6",
        "name": "features.experiment.GUI_components.name.alert_6",
        "filename": "alert (6).png",
        "path": "resources/GUI_components/alert",
        "description": "features.experiment.GUI_components.description.alert",
        "gui_component_category": 5
    }
}, {
    "model": "wizard.guicomponent",
    "pk": 174,
    "fields": {
        "id_code": "alert_7",
        "name": "features.experiment.GUI_components.name.alert_7",
        "filename": "alert (7).png",
        "path": "resources/GUI_components/alert",
        "description": "features.experiment.GUI_components.description.alert",
        "gui_component_category": 2
    }
}, {
    "model": "wizard.guicomponent",
    "pk": 175,
    "fields": {
        "id_code": "alert_8",
        "name": "features.experiment.GUI_components.name.alert_8",
        "filename": "alert (8).png",
        "path": "resources/GUI_components/alert",
        "description": "features.experiment.GUI_components.description.alert",
        "gui_component_category": 5
    }
}, {
    "model": "wizard.guicomponent",
    "pk": 176,
    "fields": {
        "id_code": "alert_9",
        "name": "features.experiment.GUI_components.name.alert_9",
        "filename": "alert (9).png",
        "path": "resources/GUI_components/alert",
        "description": "features.experiment.GUI_components.description.alert",
        "gui_component_category": 5
    }
}, {
    "model": "wizard.guicomponent",
    "pk": 177,
    "fields": {
        "id_code": "alert_10",
        "name": "features.experiment.GUI_components.name.alert_10",
        "filename": "alert (10).png",
        "path": "resources/GUI_components/alert",
        "description": "features.experiment.GUI_components.description.alert",
        "gui_component_category": 5
    }
}, {
    "model": "wizard.guicomponent",
    "pk": 178,
    "fields": {
        "id_code": "crm_1",
        "name": "features.experiment.GUI_components.name.crm_1",
        "filename": "crm(1).png",
        "path": "resources/GUI_components/image",
        "description": "features.experiment.GUI_components.description.cmr",
        "gui_component_category": 6
    }
}, {
    "model": "wizard.guicomponent",
    "pk": 179,
    "fields": {
        "id_code": "crm_4",
        "name": "features.experiment.GUI_components.name.crm_4",
        "filename": "crm(4).png",
        "path": "resources/GUI_components/image",
        "description": "features.experiment.GUI_components.description.cmr",
        "gui_component_category": 6
    }
}, {
    "model": "wizard.guicomponent",
    "pk": 180,
    "fields": {
        "id_code": "crm_3",
        "name": "features.experiment.GUI_components.name.crm_3",
        "filename": "crm(2).png",
        "path": "resources/GUI_components/image",
        "description": "features.experiment.GUI_components.description.cmr",
        "gui_component_category": 6
    }
}, {
    "model": "wizard.guicomponent",
    "pk": 181,
    "fields": {
        "id_code": "crm_5",
        "name": "features.experiment.GUI_components.name.crm_5",
        "filename": "crm(5).png",
        "path": "resources/GUI_components/image",
        "description": "features.experiment.GUI_components.description.cmr",
        "gui_component_category": 6
    }
}, {
    "model": "wizard.guicomponent",
    "pk": 182,
    "fields": {
        "id_code": "crm_6",
        "name": "features.experiment.GUI_components.name.crm_6",
        "filename": "crm(6).png",
        "path": "resources/GUI_components/image",
        "description": "features.experiment.GUI_components.description.cmr",
        "gui_component_category": 6
    }
}, {
    "model": "wizard.guicomponent",
    "pk": 183,
    "fields": {
        "id_code": "crm_7",
        "name": "features.experiment.GUI_components.name.crm_7",
        "filename": "crm(7).png",
        "path": "resources/GUI_components/image",
        "description": "features.experiment.GUI_components.description.cmr",
        "gui_component_category": 6
    }
}, {
    "model": "wizard.guicomponent",
    "pk": 184,
    "fields": {
        "id_code": "crm_8",
        "name": "features.experiment.GUI_components.name.crm_8",
        "filename": "crm(8).png",
        "path": "resources/GUI_components/image",
        "description": "features.experiment.GUI_components.description.cmr",
        "gui_component_category": 6
    }
}, {
    "model": "wizard.guicomponent",
    "pk": 185,
    "fields": {
        "id_code": "crm_9",
        "name": "features.experiment.GUI_components.name.crm_9",
        "filename": "crm.png",
        "path": "resources/GUI_components/image",
        "description": "features.experiment.GUI_components.description.cmr",
        "gui_component_category": 6
    }
}, {
    "model": "wizard.guicomponent",
    "pk": 186,
    "fields": {
        "id_code": "checked_1",
        "name": "features.experiment.GUI_components.name.checked_1",
        "filename": "checked (1).png",
        "path": "resources/GUI_components/checkbox",
        "description": "features.experiment.GUI_components.description.checked",
        "gui_component_category": 3
    }
}, {
    "model": "wizard.guicomponent",
    "pk": 187,
    "fields": {
        "id_code": "checked_2",
        "name": "features.experiment.GUI_components.name.checked_2",
        "filename": "checked (2).png",
        "path": "resources/GUI_components/checkbox",
        "description": "features.experiment.GUI_components.description.checked",
        "gui_component_category": 3
    }
}, {
    "model": "wizard.guicomponent",
    "pk": 188,
    "fields": {
        "id_code": "checked_3",
        "name": "features.experiment.GUI_components.name.checked_3",
        "filename": "checked (3).png",
        "path": "resources/GUI_components/checkbox",
        "description": "features.experiment.GUI_components.description.checked",
        "gui_component_category": 3
    }
}, {
    "model": "wizard.guicomponent",
    "pk": 189,
    "fields": {
        "id_code": "checked_4",
        "name": "features.experiment.GUI_components.name.checked_4",
        "filename": "checked (4).png",
        "path": "resources/GUI_components/checkbox",
        "description": "features.experiment.GUI_components.description.checked",
        "gui_component_category": 3
    }
}, {
    "model": "wizard.guicomponent",
    "pk": 190,
    "fields": {
        "id_code": "checked_5",
        "name": "features.experiment.GUI_components.name.checked_5",
        "filename": "checked (5).png",
        "path": "resources/GUI_components/checkbox",
        "description": "features.experiment.GUI_components.description.checked",
        "gui_component_category": 3
    }
}, {
    "model": "wizard.guicomponent",
    "pk": 191,
    "fields": {
        "id_code": "checked_6",
        "name": "features.experiment.GUI_components.name.checked_6",
        "filename": "checked (6).png",
        "path": "resources/GUI_components/checkbox",
        "description": "features.experiment.GUI_components.description.checked",
        "gui_component_category": 3
    }
}, {
    "model": "wizard.guicomponent",
    "pk": 192,
    "fields": {
        "id_code": "checked_7",
        "name": "features.experiment.GUI_components.name.checked_7",
        "filename": "checked (7).png",
        "path": "resources/GUI_components/checkbox",
        "description": "features.experiment.GUI_components.description.checked",
        "gui_component_category": 3
    }
}, {
    "model": "wizard.guicomponent",
    "pk": 193,
    "fields": {
        "id_code": "checked_8",
        "name": "features.experiment.GUI_components.name.checked_8",
        "filename": "checked (8).png",
        "path": "resources/GUI_components/checkbox",
        "description": "features.experiment.GUI_components.description.checked",
        "gui_component_category": 3
    }
}, {
    "model": "wizard.guicomponent",
    "pk": 194,
    "fields": {
        "id_code": "checked_9",
        "name": "features.experiment.GUI_components.name.checked_9",
        "filename": "checked (9).png",
        "path": "resources/GUI_components/checkbox",
        "description": "features.experiment.GUI_components.description.checked",
        "gui_component_category": 3
    }
}, {
    "model": "wizard.guicomponent",
    "pk": 195,
    "fields": {
        "id_code": "checked_10",
        "name": "features.experiment.GUI_components.name.checked_10",
        "filename": "checked (10).png",
        "path": "resources/GUI_components/checkbox",
        "description": "features.experiment.GUI_components.description.checked",
        "gui_component_category": 3
    }
}, {
    "model": "wizard.guicomponent",
    "pk": 196,
    "fields": {
        "id_code": "checked_11",
        "name": "features.experiment.GUI_components.name.checked_11",
        "filename": "checked (11).png",
        "path": "resources/GUI_components/checkbox",
        "description": "features.experiment.GUI_components.description.checked",
        "gui_component_category": 3
    }
}, {
    "model": "wizard.guicomponent",
    "pk": 197,
    "fields": {
        "id_code": "checked_12",
        "name": "features.experiment.GUI_components.name.checked_12",
        "filename": "checked (12).png",
        "path": "resources/GUI_components/checkbox",
        "description": "features.experiment.GUI_components.description.checked",
        "gui_component_category": 3
    }
}, {
    "model": "wizard.guicomponent",
    "pk": 198,
    "fields": {
        "id_code": "checked_13",
        "name": "features.experiment.GUI_components.name.checked_13",
        "filename": "checked (13).png",
        "path": "resources/GUI_components/checkbox",
        "description": "features.experiment.GUI_components.description.checked",
        "gui_component_category": 3
    }
}, {
    "model": "wizard.guicomponent",
    "pk": 199,
    "fields": {
        "id_code": "checked_14",
        "name": "features.experiment.GUI_components.name.checked_14",
        "filename": "checked (14).png",
        "path": "resources/GUI_components/checkbox",
        "description": "features.experiment.GUI_components.description.checked",
        "gui_component_category": 3
    }
}, {
    "model": "wizard.guicomponent",
    "pk": 200,
    "fields": {
        "id_code": "checked_15",
        "name": "features.experiment.GUI_components.name.checked_15",
        "filename": "checked (15).png",
        "path": "resources/GUI_components/checkbox",
        "description": "features.experiment.GUI_components.description.checked",
        "gui_component_category": 3
    }
}, {
    "model": "wizard.guicomponent",
    "pk": 201,
    "fields": {
        "id_code": "checked_16",
        "name": "features.experiment.GUI_components.name.checked_16",
        "filename": "checked (16).png",
        "path": "resources/GUI_components/checkbox",
        "description": "features.experiment.GUI_components.description.checked",
        "gui_component_category": 3
    }
}, {
    "model": "wizard.guicomponent",
    "pk": 202,
    "fields": {
        "id_code": "checked_17",
        "name": "features.experiment.GUI_components.name.checked_17",
        "filename": "checked (17).png",
        "path": "resources/GUI_components/checkbox",
        "description": "features.experiment.GUI_components.description.checked",
        "gui_component_category": 3
    }
}, {
    "model": "wizard.guicomponent",
    "pk": 203,
    "fields": {
        "id_code": "checked_18",
        "name": "features.experiment.GUI_components.name.checked_18",
        "filename": "checked (18).png",
        "path": "resources/GUI_components/checkbox",
        "description": "features.experiment.GUI_components.description.checked",
        "gui_component_category": 3
    }
}, {
    "model": "wizard.guicomponent",
    "pk": 204,
    "fields": {
        "id_code": "checked_19",
        "name": "features.experiment.GUI_components.name.checked_19",
        "filename": "checked (19).png",
        "path": "resources/GUI_components/checkbox",
        "description": "features.experiment.GUI_components.description.checked",
        "gui_component_category": 3
    }
}, {
    "model": "wizard.guicomponent",
    "pk": 205,
    "fields": {
        "id_code": "checked_20",
        "name": "features.experiment.GUI_components.name.checked_20",
        "filename": "checked (20).png",
        "path": "resources/GUI_components/checkbox",
        "description": "features.experiment.GUI_components.description.checked",
        "gui_component_category": 3
    }
}, {
    "model": "wizard.guicomponent",
    "pk": 206,
    "fields": {
        "id_code": "checked_21",
        "name": "features.experiment.GUI_components.name.checked_21",
        "filename": "checked (21).png",
        "path": "resources/GUI_components/checkbox",
        "description": "features.experiment.GUI_components.description.checked",
        "gui_component_category": 3
    }
}, {
    "model": "wizard.guicomponent",
    "pk": 207,
    "fields": {
        "id_code": "checked_22",
        "name": "features.experiment.GUI_components.name.checked_22",
        "filename": "checked (22).png",
        "path": "resources/GUI_components/checkbox",
        "description": "features.experiment.GUI_components.description.checked",
        "gui_component_category": 3
    }
}, {
    "model": "wizard.guicomponent",
    "pk": 208,
    "fields": {
        "id_code": "checked_23",
        "name": "features.experiment.GUI_components.name.checked_23",
        "filename": "checked (23).png",
        "path": "resources/GUI_components/checkbox",
        "description": "features.experiment.GUI_components.description.checked",
        "gui_component_category": 3
    }
}, {
    "model": "wizard.guicomponent",
    "pk": 209,
    "fields": {
        "id_code": "checked_24",
        "name": "features.experiment.GUI_components.name.checked_24",
        "filename": "checked (24).png",
        "path": "resources/GUI_components/checkbox",
        "description": "features.experiment.GUI_components.description.checked",
        "gui_component_category": 3
    }
}, {
    "model": "wizard.guicomponent",
    "pk": 210,
    "fields": {
        "id_code": "checked_25",
        "name": "features.experiment.GUI_components.name.checked_25",
        "filename": "checked (25).png",
        "path": "resources/GUI_components/checkbox",
        "description": "features.experiment.GUI_components.description.checked",
        "gui_component_category": 3
    }
}, {
    "model": "wizard.guicomponent",
    "pk": 211,
    "fields": {
        "id_code": "checked_26",
        "name": "features.experiment.GUI_components.name.checked_26",
        "filename": "checked (26).png",
        "path": "resources/GUI_components/checkbox",
        "description": "features.experiment.GUI_components.description.checked",
        "gui_component_category": 3
    }
}, {
    "model": "wizard.guicomponent",
    "pk": 212,
    "fields": {
        "id_code": "checked_27",
        "name": "features.experiment.GUI_components.name.checked_27",
        "filename": "checked (27).png",
        "path": "resources/GUI_components/checkbox",
        "description": "features.experiment.GUI_components.description.checked",
        "gui_component_category": 3
    }
}, {
    "model": "wizard.guicomponent",
    "pk": 213,
    "fields": {
        "id_code": "checked_28",
        "name": "features.experiment.GUI_components.name.checked_28",
        "filename": "checked (28).png",
        "path": "resources/GUI_components/checkbox",
        "description": "features.experiment.GUI_components.description.checked",
        "gui_component_category": 3
    }
}, {
    "model": "wizard.guicomponent",
    "pk": 214,
    "fields": {
        "id_code": "checked_29",
        "name": "features.experiment.GUI_components.name.checked_29",
        "filename": "checked (29).png",
        "path": "resources/GUI_components/checkbox",
        "description": "features.experiment.GUI_components.description.checked",
        "gui_component_category": 3
    }
}, {
    "model": "wizard.guicomponent",
    "pk": 215,
    "fields": {
        "id_code": "checked_30",
        "name": "features.experiment.GUI_components.name.checked_30",
        "filename": "checked (30).png",
        "path": "resources/GUI_components/checkbox",
        "description": "features.experiment.GUI_components.description.checked",
        "gui_component_category": 3
    }
}, {
    "model": "wizard.guicomponent",
    "pk": 216,
    "fields": {
        "id_code": "checked_31",
        "name": "features.experiment.GUI_components.name.checked_31",
        "filename": "checked (31).png",
        "path": "resources/GUI_components/checkbox",
        "description": "features.experiment.GUI_components.description.checked",
        "gui_component_category": 3
    }
}, {
    "model": "wizard.variabilityfunctioncategory",
    "pk": 1,
    "fields": {
        "parent": null,
        "slug": "featuresexperimentfunction_categorynameapp",
        "active": true,
        "name": "features.experiment.function_category.name.app",
        "description": "features.experiment.function_category.description.app",
        "lft": 1,
        "rght": 2,
        "tree_id": 1,
        "level": 0
    }
}, {
    "model": "wizard.variabilityfunctioncategory",
    "pk": 2,
    "fields": {
        "parent": null,
        "slug": "featuresexperimentfunction_categorynamelist",
        "active": true,
        "name": "features.experiment.function_category.name.list",
        "description": "features.experiment.function_category.description.list",
        "lft": 1,
        "rght": 2,
        "tree_id": 2,
        "level": 0
    }
}, {
    "model": "wizard.variabilityfunctioncategory",
    "pk": 3,
    "fields": {
        "parent": null,
        "slug": "featuresexperimentfunction_categorynametext",
        "active": true,
        "name": "features.experiment.function_category.name.text",
        "description": "features.experiment.function_category.description.text",
        "lft": 1,
        "rght": 2,
        "tree_id": 5,
        "level": 0
    }
}, {
    "model": "wizard.variabilityfunctioncategory",
    "pk": 4,
    "fields": {
        "parent": null,
        "slug": "featuresexperimentfunction_categorynamescreenshot",
        "active": true,
        "name": "features.experiment.function_category.name.screenshot",
        "description": "features.experiment.function_category.description.screenshot",
        "lft": 1,
        "rght": 2,
        "tree_id": 3,
        "level": 0
    }
}, {
    "model": "wizard.variabilityfunctioncategory",
    "pk": 5,
    "fields": {
        "parent": null,
        "slug": "featuresexperimentfunction_categorynamescreenshot_",
        "active": true,
        "name": "features.experiment.function_category.name.screenshot_rename",
        "description": "features.experiment.function_category.description.screenshot_rename",
        "lft": 1,
        "rght": 2,
        "tree_id": 4,
        "level": 0
    }
}, {
    "model": "wizard.functionparam",
    "pk": 1,
    "fields": {
        "label": "features.experiment.function_params.text_input.label",
        "placeholder": "features.experiment.function_params.text_input.placeholder",
        "data_type": "String",
        "description": "features.experiment.function_params.text_input.description",
        "validation_needs": {}
    }
}, {
    "model": "wizard.functionparam",
    "pk": 2,
    "fields": {
        "label": "features.experiment.function_params.number_input.label",
        "placeholder": "features.experiment.function_params.number_input.placeholder",
        "data_type": "number",
        "description": "features.experiment.function_params.number_input.description",
        "validation_needs": {}
    }
}, {
    "model": "wizard.functionparam",
    "pk": 3,
    "fields": {
        "label": "features.experiment.function_params.element_input.label",
        "placeholder": "features.experiment.function_params.element_input.placeholder",
        "data_type": "element",
        "description": "features.experiment.function_params.element_input.description",
        "validation_needs": {}
    }
}, {
    "model": "wizard.functionparam",
    "pk": 4,
    "fields": {
        "label": "features.experiment.function_params.font_input.label",
        "placeholder": "features.experiment.function_params.font_input.placeholder",
        "data_type": "font",
        "description": "features.experiment.function_params.font_input.description",
        "validation_needs": {}
    }
}, {
    "model": "wizard.functionparam",
    "pk": 5,
    "fields": {
        "label": "features.experiment.function_params.list_input.label",
        "placeholder": "features.experiment.function_params.list_input.placeholder",
        "data_type": "list",
        "description": "features.experiment.function_params.list_input.description",
        "validation_needs": {}
    }
}, {
    "model": "wizard.variabilityfunction",
    "pk": 1,
    "fields": {
        "id_code": "random_mouse_position",
        "function_name": "features.experiment.function_trace.name.random_mouse_position",
        "filename": "function_trace.json",
        "path": "configuration",
        "description": "features.experiment.function_trace.description.random_mouse_position",
        "variability_function_category": 1,
        "params": [5]
    }
}, {
    "model": "wizard.variabilityfunction",
    "pk": 2,
    "fields": {
        "id_code": "random_id_card",
        "function_name": "features.experiment.function_trace.name.random_id_card",
        "filename": "function_trace.json",
        "path": "configuration",
        "description": "features.experiment.function_trace.description.random_id_card",
        "variability_function_category": 3,
        "params": []
    }
}, {
    "model": "wizard.variabilityfunction",
    "pk": 3,
    "fields": {
        "id_code": "random_word_with_first_letter_capital",
        "function_name": "features.experiment.function_trace.name.random_word_with_first_letter_capital",
        "filename": "function_trace.json",
        "path": "configuration",
        "description": "features.experiment.function_trace.description.random_word_with_first_letter_capital",
        "variability_function_category": 3,
        "params": [1]
    }
}, {
    "model": "wizard.variabilityfunction",
    "pk": 4,
    "fields": {
        "id_code": "random_path",
        "function_name": "features.experiment.function_trace.name.random_path",
        "filename": "function_trace.json",
        "path": "configuration",
        "description": "features.experiment.function_trace.description.random_path",
        "variability_function_category": 3,
        "params": [1, 2]
    }
}, {
    "model": "wizard.variabilityfunction",
    "pk": 5,
    "fields": {
        "id_code": "random_paragraph",
        "function_name": "features.experiment.function_trace.name.random_paragraph",
        "filename": "function_trace.json",
        "path": "configuration",
        "description": "features.experiment.function_trace.description.random_paragraph",
        "variability_function_category": 3,
        "params": [2]
    }
}, {
    "model": "wizard.variabilityfunction",
    "pk": 6,
    "fields": {
        "id_code": "random_sentence",
        "function_name": "features.experiment.function_trace.name.random_sentence",
        "filename": "function_trace.json",
        "path": "configuration",
        "description": "features.experiment.function_trace.description.random_sentence",
        "variability_function_category": 3,
        "params": []
    }
}, {
    "model": "wizard.variabilityfunction",
    "pk": 7,
    "fields": {
        "id_code": "random_words",
        "function_name": "features.experiment.function_trace.name.random_words",
        "filename": "function_trace.json",
        "path": "configuration",
        "description": "features.experiment.function_trace.description.random_words",
        "variability_function_category": 3,
        "params": [2]
    }
}, {
    "model": "wizard.variabilityfunction",
    "pk": 8,
    "fields": {
        "id_code": "image_name_as_num_img_png",
        "function_name": "features.experiment.function_trace.name.image_name_as_num_img_png",
        "filename": "function_trace.json",
        "path": "configuration",
        "description": "features.experiment.function_trace.description.image_name_as_num_img_png",
        "variability_function_category": 5,
        "params": []
    }
}, {
    "model": "wizard.variabilityfunction",
    "pk": 9,
    "fields": {
        "id_code": "random_appname",
        "function_name": "features.experiment.function_trace.name.random_appname",
        "filename": "function_trace.json",
        "path": "configuration",
        "description": "features.experiment.function_trace.description.random_appname",
        "variability_function_category": 1,
        "params": []
    }
}, {
    "model": "wizard.variabilityfunction",
    "pk": 10,
    "fields": {
        "id_code": "lorem_word_as_appname",
        "function_name": "features.experiment.function_trace.name.lorem_word_as_appname",
        "filename": "function_trace.json",
        "path": "configuration",
        "description": "features.experiment.function_trace.description.lorem_word_as_appname",
        "variability_function_category": 1,
        "params": []
    }
}, {
    "model": "wizard.variabilityfunction",
    "pk": 11,
    "fields": {
        "id_code": "generate_timestamp",
        "function_name": "features.experiment.function_trace.name.generate_timestamp",
        "filename": "function_trace.json",
        "path": "configuration",
        "description": "features.experiment.function_trace.description.generate_timestamp",
        "variability_function_category": 3,
        "params": []
    }
}, {
    "model": "wizard.variabilityfunction",
    "pk": 12,
    "fields": {
        "id_code": "mouse_position_range_x",
        "function_name": "features.experiment.function_trace.name.mouse_position_range_x",
        "filename": "function_trace.json",
        "path": "configuration",
        "description": "features.experiment.function_trace.description.mouse_position_range_x",
        "variability_function_category": 1,
        "params": [5]
    }
}, {
    "model": "wizard.variabilityfunction",
    "pk": 13,
    "fields": {
        "id_code": "mouse_or_keyboard",
        "function_name": "features.experiment.function_trace.name.mouse_or_keyboard",
        "filename": "function_trace.json",
        "path": "configuration",
        "description": "features.experiment.function_trace.description.mouse_or_keyboard",
        "variability_function_category": 2,
        "params": []
    }
}, {
    "model": "wizard.variabilityfunction",
    "pk": 14,
    "fields": {
        "id_code": "replace_gui_component_by_other",
        "function_name": "features.experiment.function_trace.name.replace_gui_component_by_other",
        "filename": "function_trace.json",
        "path": "configuration",
        "description": "features.experiment.function_trace.description.replace_gui_component_by_other",
        "variability_function_category": 4,
        "params": [3]
    }
}, {
    "model": "wizard.variabilityfunction",
    "pk": 15,
    "fields": {
        "id_code": "given_text_in_image",
        "function_name": "features.experiment.function_trace.name.given_text_in_image",
        "filename": "function_trace.json",
        "path": "configuration",
        "description": "features.experiment.function_trace.description.given_text_in_image",
        "variability_function_category": 4,
        "params": [1, 4]
    }
}, {
    "model": "wizard.variabilityfunction",
    "pk": 16,
    "fields": {
        "id_code": "hidden_gui_element",
        "function_name": "features.experiment.function_trace.name.hidden_gui_element",
        "filename": "function_trace.json",
        "path": "configuration",
        "description": "features.experiment.function_trace.description.hidden_gui_element",
        "variability_function_category": 4,
        "params": [1]
    }
}, {
    "model": "wizard.variabilityfunction",
    "pk": 18,
    "fields": {
        "id_code": "screenshot_name_without_root_path",
        "function_name": "features.experiment.function_trace.name.screenshot_name_without_root_path",
        "filename": "function_trace.json",
        "path": "configuration",
        "description": "features.experiment.function_trace.description.screenshot_name_without_root_path",
        "variability_function_category": 5,
        "params": []
    }
}, {
    "model": "wizard.variabilityfunction",
    "pk": 19,
    "fields": {
        "id_code": "random_text_in_image",
        "function_name": "features.experiment.function_trace.name.random_text_in_image",
        "filename": "function_trace.json",
        "path": "configuration",
        "description": "features.experiment.function_trace.description.random_text_in_image",
        "variability_function_category": 4,
        "params": [1]
    }
}, {
    "model": "wizard.variabilityfunction",
    "pk": 20,
    "fields": {
        "id_code": "image_copy_renamed",
        "function_name": "features.experiment.function_trace.name.image_copy_renamed",
        "filename": "function_trace.json",
        "path": "configuration",
        "description": "features.experiment.function_trace.description.image_copy_renamed",
        "variability_function_category": 4,
        "params": []
    }
}, {
    "model": "wizard.variabilityfunction",
    "pk": 21,
    "fields": {
        "id_code": "image_copy_renamed_and_return_path",
        "function_name": "features.experiment.function_trace.name.image_copy_renamed_and_return_path",
        "filename": "function_trace.json",
        "path": "configuration",
        "description": "features.experiment.function_trace.description.image_copy_renamed_and_return_path",
        "variability_function_category": 4,
        "params": []
    }
}, {
    "model": "wizard.variabilityfunction",
    "pk": 22,
    "fields": {
        "id_code": "random_words_in_image",
        "function_name": "features.experiment.function_trace.name.random_words_in_image",
        "filename": "function_trace.json",
        "path": "configuration",
        "description": "features.experiment.function_trace.description.random_words_in_image",
        "variability_function_category": 4,
        "params": [5]
    }
}, {
    "model": "wizard.variabilityfunction",
    "pk": 23,
    "fields": {
        "id_code": "random_sentence_in_image",
        "function_name": "features.experiment.function_trace.name.random_sentence_in_image",
        "filename": "function_trace.json",
        "path": "configuration",
        "description": "features.experiment.function_trace.description.random_sentence_in_image",
        "variability_function_category": 4,
        "params": [5]
    }
}, {
    "model": "wizard.variabilityfunction",
    "pk": 24,
    "fields": {
        "id_code": "random_paragraph_in_image",
        "function_name": "features.experiment.function_trace.name.random_paragraph_in_image",
        "filename": "function_trace.json",
        "path": "configuration",
        "description": "features.experiment.function_trace.description.random_paragraph_in_image",
        "variability_function_category": 4,
        "params": [5]
    }
}, {
    "model": "wizard.variabilityfunction",
    "pk": 25,
    "fields": {
        "id_code": "mouse_position_range_y",
        "function_name": "features.experiment.function_trace.name.mouse_position_range_y",
        "filename": "function_trace.json",
        "path": "configuration",
        "description": "features.experiment.function_trace.description.mouse_position_range_y",
        "variability_function_category": 1,
        "params": [5]
    }
}]